case_id,court_type,petition_type,decision_date,petitioner_count,petitioner_A_tag,petitioner_B_tag,petitioner_C_tag,petitioner_D_tag,subject_count,subject_A_tag,subject_B_tag,Child_counsel,child_count,child_A_tag,child_A_birthdate,child_A_age,child_A_custody,child_A_result,childA_Suspension_type,childA_Suspension_months,childA_Suspension_end_date,child_B_tag,child_B_birthdate,child_B_age,child_B_custody,child_B_result,child_B_Suspension_type,child_B_Suspension_months,child_B_Suspension_end_date,child_C_tag,child_C_birthdate,child_C_age,child_C_custody,child_C_result,child_C_Suspension_type,child_C_Suspension_months,child_C_Suspension_end_date,child_D_tag,child_D_birthdate,child_D_age,child_D_custody,child_D_result,child_D_Suspension_type,child_D_Suspension_months,child_D_Suspension_end_date,physical_abuse,neglect,medical_neglect,psychological_abuse,sexual_abuse,summary,judgment_factors
1010,家裁,親権喪失,2016-02-12,1,検察官,,,,1,[父],,FALSE,1,[子],1998-03-27,17,児童自立支援施設,親権喪失,,,,,,,,,,,,,,,,,,,,,,,,,,,,FALSE,FALSE,FALSE,FALSE,TRUE,"【事案】
事件本人は、未成年者に対し半年以上にわたり、10回近く性的虐待を繰り返し、強制わいせつ及び児童福祉法違反の罪により起訴され、未成年者は一時保護された。未成年者は軽度知的障害があり、自傷行為を繰り返している。
【判断】
事件本人による性的虐待があり、親権行使が不適当であることにより未成年者の利益を著しく害するものであるから親権喪失を認める。
※調査官調査を実施","【積極】

・繰り返し性的虐待実行
・身体的暴行による傷害
・軽度知的障害で抵抗困難
・父親面会拒否・影響継続
・強制わいせつ等で懲役判決確定

【消極】

（特になし）"
1020,家裁,親権喪失,1999-08-20,1,[母],,,,1,[父],,FALSE,1,[子A],1984-03-19,15,事件本人,却下,,,,,,,,,,,,,,,,,,,,,,,,,,,,FALSE,FALSE,FALSE,FALSE,FALSE,"【事案】
申立人と事件本人の別居後、長女である未成年者のほか、長男及び二男を含むきょうだい3名の連れ去り・連れ戻し行為を繰り返す中で、離婚判決により、未成年者については父である事件本人が、長男及び二男については母である申立人が、それぞれ親権者と定められた。その後も父母やきょうだい間での連れ去り・連れ戻し行為が繰り返された末に、未成年者に係る父の親権喪失宣告（乙事件）のほか、未成年者の親権者変更（父から母・甲事件）、二男の引渡し（父から母・丙事件）及び二男の親権者変更（母から父・丁事件）が申し立てられた。審判時点で、未成年者及び二男が事件本人と同居していた。
※調査官調査を実施。申立人は調査面接を拒否
【判断】
申立人と未成年者の関係が悪く、二男を挟んで申立人と対峙している実質的な相手方は、父ではなく、むしろ未成年者であるという状況があり、未成年者は、現在充実した高校生活を送っており、事件本人との関係は良好で、同人の抑うつ状態による稼働能力の低さを補い、同人を支えつつ、同人を親権者として生活していくことを望んでいること、申立人の家事能力や稼働能力もさほど高いわけでもないことから、親権喪失宣告事件（乙事件）は却下され、甲丙の各事件も却下され、二男の親権者変更（母から父・丁事件）のみ認容された。","【積極】
・過去に連れ去り、連れ戻しの繰り返し

【消極】
・安定した生活と健康・学業の維持
・子が事件本人方での居住継続希望表明
・父子関係良好・育児教育への積極的関与
・姉による支援と兄弟関係良好・母親の家事不得手とアルコール依存傾向
・緊張した母子関係と過去の暴力衝突
・引き渡しによる生活環境大幅変化"
1031,家裁,親権喪失,2023-08-22,1,[母],,,,2,[父],[養母],FALSE,2,[子A],2008-07-29,15,児童養護施設,親権喪失,,,,[子B],2013-09-18,9,児童養護施設,親権喪失,,,,,,,,,,,,,,,,,,,,TRUE,FALSE,FALSE,FALSE,FALSE,"【事案】
父は未成年者らに対し、殴る、蹴る、体を押さえつけるなどの暴力を日常的に振るった。養母も二女への暴力があり、父の暴力を積極的に止めようとせず事実上容認していた。
※調査官調査を実施。
【判断】
父の行為及び養母の行為はいずれも虐待に当たる。養母による養子縁組は、未成年者らの意向を確認せず、親族や児童相談所にも相談せずに調査官調査の終盤に行われ、親権者変更申立てを妨害することを主たる目的として行われた。父と養母による親権の行使は著しく不適当で、子の利益を著しく害するものであり、2年以内にその原因が消滅する見込みはない。","【積極】
・父の日常的な暴力・痣等の傷害  
・養母も身体的暴力  
・未成年者の意向を無視した親権変更妨害目的の養子縁組

【消極】  
・親権喪失により停止は不要  
・児童養護施設入所による保護"
1032,高裁,親権喪失,2023-12-21,1,[母],,,,2,[父],[養母],FALSE,2,[子A],2008-07-29,15,児童養護施設,親権喪失,,,,[子B],2013-09-18,10,児童養護施設,親権喪失,,,,,,,,,,,,,,,,,,,,TRUE,FALSE,FALSE,FALSE,FALSE,"【判断】
原審判の判断（親権喪失を認め、親権停止を却下）が相当であると判断し、原審の認定に加えて、養子縁組の経緯につき、未成年者らが養子縁組の意義を理解できる年齢に達していたにもかかわらず、抗告人ら（父と養母）が未成年者らの意向を全く確認しなかった点を指摘。
抗告人らによる虐待行為の謝罪や児童相談所の指導に従った交流があったとしても、日常的な暴力が未成年者らの心身に与えた影響を考慮すると、親権喪失の判断は覆らない。","【積極】
原審引用

【消極】
・児童相談所の指導に従い、面会や手紙・贈り物による交流を実施"
1040,家裁,親権喪失,2024-12-23,1,児童相談所長,,,,1,[母],,FALSE,1,[子],2020-01-23,4,里親,親権停止,一定期間,24,,,,,,,,,,,,,,,,,,,,,,,,,,TRUE,FALSE,FALSE,FALSE,FALSE,"【事案】
未成年者は、令和3年10月（1歳8か月）、事件本人により顔面を蹴るなどの暴行を受け、救急搬送された。このため、児相が一時保護した後、乳児院に入所させ、里親委託された。事件本人は措置入院となり、統合失調症等と診断され、令和4年6月10日、2年間の親権停止審判が確定したが、その後も継続的な治療や服薬が見られないため、再度の申立てがなされた。事件本人については、本審判を本案とする親権者の職務執行停止の保全処分がされているほか、申立てと同時に母の同意のない特別養子適格の確認の申立もされた。
※裁判所技官（精神科医）の意見あり。
【判断】
現時点で親権停止には理由があるが、一時保護の後には身体的虐待はなく、申立人の提出した精神科医師の意見書のほか、裁判所技官（精神科医）の報告書を踏まえれば、統合失調症などの精神疾患が寛解する見込みがないとまではいえないから、親権を2年間停止するにとどめる。","【積極】
・ネグレクト
・顔面を蹴るなどの暴行・傷害
・統合失調症等、入院措置
・その後、未成年者との面会等一切なし

【消極】
・身体的虐待は、日常的・継続的なものではない。
・継続的な治療を受ければ完全寛解の可能性あり
・自身の現状を自覚した意向、不当な行為や主張を繰り返しているわけではない。
・児相の特別養子縁組に向けた動きは、事件本人の治療や再統合に向けた適切な「保護者支援・指導」であったか疑問の余地あり"
1050,家裁,親権喪失,2004-12-09,1,児童相談所長,,,,2,[母],[養父],FALSE,1,[子],1994-04-25,10,児童福祉施設,親権喪失,,,,,,,,,,,,,,,,,,,,,,,,,,,,TRUE,FALSE,FALSE,FALSE,FALSE,"【事案】
未成年者は、事件本人である母から、同人の言うことを聞き入れなかった際に顔面などを平手で10回程度殴打されることがあり、養父からも同様の行為を受けていた。虐待通告を受けた児童相談所は未成年者につき一時保護措置をとり、さらに家庭裁判所の承認を得て児童福祉施設に長期入所させた。養父は、虐待と扱われたことに怒り、児相や教育委員会等に対し、激しい抗議や苦情を繰り返すようになり、教育委員会職員に傷害を負わせて逮捕勾留され、略式命令を受けた。父から母に対する親権者変更申立事件の審判係属中に養子縁組がされ、同申立ては却下された。未成年者は、事件本人らとの面会を強く拒絶する一方で、早く父と暮らしたいと述べている。
※調査官調査を実施
【判断】
未成年者を早期に退所させて家庭生活を送らせることが重要だが、事件本人らに引き渡すことは明らかに未成年者の福祉を害する。事件本人らは未成年者についての親権を児相への抗議行動や父に対する不当要求の手段としているのであって、このような態度は、未成年者の福祉を著しく損なうもので、親権の濫用に当たる。
※抗告棄却","【積極】
・母と養父による身体的暴行（顔面平手打ち）・痣や腫れ
・養父による入所措置に対する激しい抗議・苦情の繰り返し
・母は養父に盲目的に従う
・未成年者が養父・母に対して強い恐怖感と接触拒否
・長期間施設入所中・早期退所のために親権喪失が不可欠・養子縁組は父への親権変更妨害目的が疑われる

【消極】
（特になし）"
1061,家裁,親権喪失,2019-03-15,1,児童相談所長,,,,1,[父],,FALSE,1,[子],2009-03-16,9,児童養護施設,却下,,,,,,,,,,,,,,,,,,,,,,,,,,,,FALSE,FALSE,FALSE,FALSE,FALSE,"【事案】
未成年者の母は、夫である事件本人からの飲酒の上での暴力から暴力から逃れるために避難し、未成年者は児童養護施設に入所した。その後、事件本人と未成年者の母は、未成年者の親権者を事件本人と定めて協議離婚した。事件本人は、未成年者の児童養護施設入所後、犯罪行為による服役を繰り返している。
【判断】
未成年者は児童養護施設に入所しており、親権者による不適切な監護養育から切り離されて保護されている。親権者の問題行動については、児童福祉法に基づく措置で対応可能であり、親権を喪失させる特段の事情はない。","【積極】
・強制わいせつ・公然わいせつ・暴力等で実刑前科多数
・服役後も安定した就労がなく、飲酒に走る生活
・酩酊状態で施設へ押しかける等の問題行動を繰り返し
・未成年者の記憶も乏しい

【消極】
・未成年者は児童養護施設に入所中で、保護・指導体制が整っている
・児童福祉法28条による入所措置や面会通信・接近禁止で問題行動への対応が可能
・親権喪失・停止が必要な特段の事情（手術・就職等）に該当せず"
1062,高裁,親権喪失,2019-05-27,1,児童相談所長,,,,1,[父],,FALSE,1,[子],2009-03-16,10,児童養護施設,親権喪失,,,,,,,,,,,,,,,,,,,,,,,,,,,,FALSE,FALSE,FALSE,FALSE,FALSE,"【判断】
事件本人は、これまでの間、未成年者の養育に必要な措置をとっておらず、養育、監護の実績はほとんどない上、アルコール依存の程度が高く、元の配偶者に対する暴力を含めその暴力傾向が強いのであって、その親権の行使の方法において適切を欠く程度が著しく高く、その親権を行使させると、子の健全な成育のために著しく不適当である。このような事件本人の状況は、児相のこれまでの指導をもってしても、２年程度では改善を望めず、事件本人には親権喪失事由がある。","【積極】
・飲酒・就労不安定で経済的に困窮
・過去の暴力行為・傷害罪・窃盗罪等前科多数
・長期間施設で生活、親との同居短期間
・児相の指導に従わず
・酒気帯び状態で児童養護施設を訪れるなど不適切な行動
・未成年者の登下校時に帰園拒否・連れ去りのおそれあり
・配偶者への暴力や性暴力の前歴、子への暴力リスク

【消極】
（特になし）"
1070,家裁,親権喪失,1979-07-06,1,児童相談所長,,,,1,[父],,FALSE,1,[子],1965-07-12,13,一時保護,親権喪失,,,,,,,,,,,,,,,,,,,,,,,,,,,,FALSE,FALSE,FALSE,FALSE,TRUE,"【事案】
事件本人は長女に性交を強要していたほか、二女である未成年者に対しても、暴力による性交強要、裸にすることによる虐待、飲酒と監護怠慢があった。事件本人は審判前の仮処分として親権行使停止処分を受けて確定していた。
※調査官調査を実施。
【判断】
事件本人はその親権を濫用し、未成年者を虐待し、その福祉を著しく損っており、未成年者を事件本人の親権に服させることは不相当である。","【積極】
・未成年者に対する性交の強要・暴力・虐待
・監護義務の著しい怠慢と飲酒による育児放棄
・未成年者が自宅から逃げ出すほどの危険な環境

【消極】
（特になし）"
1080,家裁,親権喪失,1980-09-29,1,[母方祖母],,,,1,[父],,FALSE,2,[子A],1968-01-01,12,申立人,親権喪失,,,,[子B],1972-10-01,7,申立人,親権喪失,,,,,,,,,,,,,,,,,,,,FALSE,FALSE,FALSE,FALSE,FALSE,"【事案】
事件本人は未成年者ら及びその母（申立人の子）との別居後、所在不明となり、婚姻費用も送金しなかったため、未成年者ら及びその母は、申立人と同居し、その援助も受けて生活していた。母は、昭和54年6月9日、交通事故死したところ、事件本人はそれを知って申立人に連絡をとり、加害者との面会を要求したり、配偶者として保険金を受領するなどし、未成年者両名を引き取りたいとの意向を示した。事件本人は職業及び常居所を明らかにせず、裁判所との連絡も同人の叔父を介している状況で、親権者職務執行停止の仮処分を受けている。
※調査官調査を実施。
【判断】
事件本人は、自らの責任で別居状態を作出しながら、その後未成年の子の養育監護について何らの責任をも果すことなく７年間にわたってこれを遺棄してきたものであるから、親権の消極的な濫用に当たる。","【積極】
・未成年者の監護・養育を長期間放棄、遺棄状態
・暴力行為や金銭の不正使用（保険金費消）
・交流・面会も全くなく、母の死亡後も養育に関与せず

【消極】
（特になし）"
1090,家裁,親権喪失,2000-02-23,1,児童相談所長,,,,1,[父],,FALSE,3,[子A],,,児童養護施設,親権喪失,,,,[子B],,,児童養護施設,親権喪失,,,,[子C],,,児童養護施設,親権喪失,,,,,,,,,,,,TRUE,FALSE,FALSE,FALSE,TRUE,"【事案】
事件本人が未成年者らに対して日常的に身体的・性的虐待を加えていた。
※調査官調査を実施。
【判断】
事件本人の行為により未成年者らの福祉が著しく損なわれている。","【積極】
・養女・長男・長女に対する性的、身体的虐待が日常的
・逮捕後も未成年者の引き取りを強要し再度虐待するおそれ

【消極】
（特になし）"
1100,高裁,親権喪失,1980-03-21,1,[父方祖父],,,,1,[母],,FALSE,4,[子A],,,申立人,却下,,,,[子B],,,申立人,却下,,,,[子C],,,申立人,却下,,,,[子D],,,申立人,却下,,,,FALSE,FALSE,FALSE,FALSE,FALSE,"【事案】
事件本人は夫亡き後、他の男性と情交関係持ち、外泊するようになった。事件本人の右外泊を快からず思つていた抗告人（申立人）ら親族は、事件本人欠席のまま親族会議を開き、「子供四人は抗告人方へ残し、事件本人を家から出すこと」を決めるに至った。事件本人は、かねて抗告人に対し、自分は従前どおり抗告人方で子らと生活したいとの希望を表明し、ただ上記男性との関係を維持することは認めてほしいと要請していたが、抗告人らはこれを聞き入れず、右会議の結果どおりにするよう事件本人に迫ったので、事件本人はやむをえず子らを置いたまま抗告人方を出て、上記男性と結婚するに至った。
【判断】
事件本人は夫亡き後、他の男性と関係を持ち続けたが、それにより子の健全育成に悪影響を及ぼしておらず、直ちに著しい不行跡であると断定することは酷であるし、母として子らを監護養育する意思のある事件本人を子らと別居せざるを得なくさせ、親権を事実上行使し得なくさせたのは抗告人ら親族の圧力によるものであり、親権を濫用したとも認められない。","【積極】
・未成年者らと別居し生活費等の送金がない
・実質上親権を全く行使していない

【消極】
・無職無収入で遺産等の取得もなく送金ないのもやむなし
・未成年者らへの食事の用意や洗濯等家事を継続
・未成年者らを置いて出て行ったのは親族の圧力による
・情交関係は非難できないほどの不行跡ではない
・母として未成年者らを監護養育する意思"
1110,家裁,親権喪失,2022-09-27,1,児童相談所長,,,,2,[養祖父],[祖母],FALSE,1,[孫],2021-01-21,1,その他施設,親権停止,特定の日付まで,,2024-05-02,,,,,,,,,,,,,,,,,,,,,,,,,FALSE,TRUE,FALSE,FALSE,FALSE,"【事案】
代行親権者である養祖父、祖母の代行親権喪失が求められた事案。未成年者は母が14歳8か月で出産した子であり、生後5日で一時保護され、その後施設で生活している。父は戸籍上不明。母も、祖母からネグレクトを受けた児童として一時保護を受けたこともあり、現在は定時制高校に通学している。
※調査官調査を実施。
【判断】
祖母は不登校の母を含む子らを自宅に残したまま何日間も不在になるなど、監護が不十分であり、関係機関からの指導にも従わず、子（特に母）への適切な管理・指導ができていなかった。母の妊娠や出産準備においても情報共有や支援を拒否し、必要な環境整備ができていなかった。祖母は養祖父の薬物問題に無関心であり、同人が刑務所収容されても適切な対応を行わず、社会的責任が欠如していた。母自身も知的な遅れや生活管理能力の不足により、未成年者の監護を担うには不適格であり、祖母が未成年者を養育することは困難で不適当であるが、母が2年以内に成人するため、代行親権の喪失ではなく、母の成人するまでの停止が相当。","【積極】
・代行親権者・養祖父の監護が不十分・不適切
・養祖父が薬物犯罪で服役中
・母・代行親権者とも妊娠・出産準備が不十分で支援を拒否
・未成年者の不登校や生活リズムの乱れが続く
・監護補助者の具体的支援見通しが不明

【消極】
・祖母は一時期支援を受け入れる姿勢
・祖母は未成年者の引き取りを将来的に希望"
1120,家裁,親権喪失,2023-03-01,1,[母方祖母],,,,1,[母],,FALSE,1,[子],2019-05-12,3,一時保護,却下,,,,,,,,,,,,,,,,,,,,,,,,,,,,TRUE,TRUE,FALSE,FALSE,FALSE,"【事案】
事件本人は、申立人との同居中は未成年者の監護を申立人に任せきりにしており、不注意により未成年者にやけどを負わせたこともある。申立人との別居後、未成年者の臀部や四肢に打撲痕が認められて事件本人又は現夫からの虐待が疑われ、一時保護がされた。一時保護は一旦解除されたものの、事件本人が、申立人に対し、現夫が未成年者を虐待した旨述べたことなどを受けて、再び一時保護がされている。
【判断】
親権者の監護養育態勢には問題が多いが、親権者は児童相談所の指導下にあり、現時点では親権喪失の要件には該当しない。","【積極】
・未成年者にやけどを負わせた
・監護・養育をほぼ行わず、外泊や昼夜逆転の生活
・現夫による虐待疑いがあり、一時保護

【消極】
・親権者が児童相談所の指導下
・現時点で親権喪失に至るほどの状況の証明なし"
1130,家裁,親権喪失,2024-08-13,1,児童相談所長,,,,2,[父],[母],FALSE,1,[子],2020-02-21,4,里親,親権喪失,,,,,,,,,,,,,,,,,,,,,,,,,,,,TRUE,FALSE,FALSE,FALSE,FALSE,"【事案】
母は、未成年者に対し、同居後すぐに暴力を開始し、未成年者の身体に多数の変色斑及び表皮剥脱を生じさせ、傷害罪で執行猶予判決を受けた。父は、母の暴力を把握しながら止めようとしなかった。両親は審問において、親権喪失の申立てに異議がない旨を述べた。
【判断】
母による虐待があること及び父母による親権の行使が著しく不適当であることにより、未成年者の利益を著しく害するといえ、かつ、２年以内にその原因が消滅する見込みがあるとは認められない。","【積極】
・母の未成年者に対する多数回の激しい暴行・変色斑・表皮剥脱等の傷害
・未成年者に深刻な精神的ダメージ
・父が母の暴行を把握しながら黙認同様の対応
・長期的な専門的ケアと配慮深い監護養育が必要。2年以内に原因が消滅する見込みなし

【消極】
・里親委託や施設入所による保護・再被害防止の可能性あり"
1140,家裁,親権喪失,2021-01-01,1,[母],,,,2,[養父祖父],[養母祖母],FALSE,1,[子],2011-11-11,9,寮,却下,,,,,,,,,,,,,,,,,,,,,,,,,,,,FALSE,FALSE,FALSE,FALSE,FALSE,"【事案】
申立人は、未成年者の出生当時は、父母（未成年者の祖父母）である事件本人らと同居していたが、未成年者が１歳の時に同人を事件本人らの下に残して別居した。その後、事件本人らは、申立人が代諾して養子縁組した未成年者の養育を続け、同人が8歳の時に、遠隔地にある新設のインターナショナルスクールに編入させた。
【判断】
編入先の学校について、子の福祉の観点から特段の問題があるとは認められず、学校の選択が未成年者の意思に基づいており、生活にも適応しているから、事件本人らの親権行使が著しく不適当であるとか，未成年者の利益を害するとは認められない。","【積極】
（特になし）

【消極】
・親権者らが編入させた学校に未成年者の福祉上特段の問題なし
・未成年者本人が編入を決断、親権者らが無理強いしていない
・未成年者は寮生活に適応し、今後も同校での生活を望む"
1150,家裁,親権喪失,2024-10-11,1,[父],,,,2,[養父],[母],FALSE,1,[子],2016-05-10,8,児童養護施設,却下,,,,,,,,,,,,,,,,,,,,,,,,,,,,FALSE,FALSE,FALSE,TRUE,FALSE,"【事案】
母はADHD、未成年者は自閉スペクトラム症の診断で療育手帳（B2・軽度）を有している。事件本人らは、未成年者と適切なかかわりをすることができず、児相に一時保護を依頼し、未成年者につき、一時保護を経て児童養護施設への入所措置がとられた。
【判断】
事件本人らの拒否的な言動が心理的虐待に当たるとしても、事件本人らは、未成年者との関わりの問題点を認識して支援を求めたという側面があり、未成年者の施設入所後も、関係機関の指導に応じて交流を進め、未成年者も家族との面会を心待ちにしている状況にあり、親権喪失事由はない。","【積極】
・事件本人らが、未成年者を自宅に残して外出し、児童虐待通告あり。
・親権者らは、未成年者の特性（自閉症スペクトラム症）に応じた適切な関わりができず
・一時保護の後、施設に入所してから1年以上が経過

【消極】
・問題点を自ら認識し、児相に一時保護を依頼し、児相の指導に応じて未成年者と交流
・未成年者も帰宅を望み、面会や電話を心待ちにしている。
・児相も親権喪失を求めていない"
1160,家裁,親権喪失,2023-07-18,1,児童相談所長,,,,1,[母],,FALSE,1,[子],2015-04-28,8,児童相談所,親権喪失,,,,,,,,,,,,,,,,,,,,,,,,,,,,FALSE,TRUE,FALSE,FALSE,FALSE,"【判断】
母は重度の知的障害を持ち、日常生活にわたる介助が必要な状況であり、過去に未成年者を養育した実績がない。未成年者は心疾患を抱えており、今後の入院加療の可能性や精神科受診の予定もある。現在の状況が２年以内に解消される見込みもないため、親権喪失が子の利益に資する。","【積極】
・事件本人に重度の身体・知的障害
・事件本人の日常生活全般に介助が必要で、養育実績なし
・事件本人が医療型障害児施設に入所中
・未成年者が心室中隔欠損症の手術後経過観察中で今後入院等の加療が必要となる可能性あり
・未成年者に不眠等の精神的症状があり、児童精神科受診予定
・今後二年以内に状況が改善される見込みがない

【消極】
（特になし）"
1170,家裁,親権喪失,2025-04-03,1,[父],,,,2,[母],[養父],FALSE,3,[子A],2012-03-08,13,事件本人,却下,,,,[子B],2014-07-28,10,事件本人,却下,,,,[子C],2016-07-06,8,事件本人,却下,,,,,,,,,,,,FALSE,FALSE,FALSE,FALSE,FALSE,"【事案】
申立人と母との協議離婚後、長女及び未成年者らは母により監護されていたが、その後、長女のみ申立人により監護されるようになった。児童相談所に対し、未成年者に対する虐待の通報がされたものの、アセスメントの結果、虐待やネグレクト等は確認されなかった。未成年者らは学校生活に適応しており、健康状況や衛生状態にも特段の問題はなく、母との関係も良好である。未成年者らは、面接調査においても、現在の生活で困っていることはないと述べた。
申立人は、長女及び未成年者らの親権を母から申立人に変更する審判申立てをしたところ、係属中に母は養父と婚姻して養子縁組がされた。長女については親権者変更の調停が成立している。
※調査官調査を実施
【判断】
母及び養父の監護意欲や監護態度に特段の問題はうかがわれない。親権者母と養父との婚姻や養子縁組をについても、未成年者らが再婚について好意的に受け止めており、心情に対する配慮が欠けているとは認められない。親権停止を求める予備的申立ても却下。","【積極】
（特になし）

【消極】
・未成年者らは学校生活に適応、健康・発達・衛生に問題なし
・母の監護態度に問題なし、食事や洗濯等の世話も怠っていない
・児童相談所の調査も虐待やネグレクト認められず
・未成年者らは母を思慕し、再婚について好意的。養子縁組は未成年者らの意思に反していない
・養父の監護実績は乏しいが、虐待や遺棄等の不適切な関わりはない"
1180,家裁,親権喪失,2023-06-27,1,[母方祖父],,,,1,[母],,FALSE,1,[子],2020-03-07,3,児童相談所,却下,,,,,,,,,,,,,,,,,,,,,,,,,,,,FALSE,FALSE,FALSE,FALSE,FALSE,"【事案】
母は、未成年者の出産後、転職を繰り返し、自宅にゴミが散乱状態になり、育児について苦言を呈した申立人の妻に対して暴言を吐いて音信不通になった。その後、未成年者が一時保護されていることが判明した。
母は、児童相談所と連絡を取り合う一方で、審問期日には出頭せず、調査官からの書面紹介にも応じなかった。児童相談所も調査嘱託に応じなかったが、申立人に対し、未成年者が元気である旨伝えた。
※調査官調査を実施
【判断】
未成年者の健康状態に問題はなく、母も児童相談所と連絡を取り合っており、未成年者の利益を害する具体的な事態が生じているとは認められない。","【積極】
・親権者が転職を繰り返し、生活基盤が不安定
・親権者と申立人との間で度々音信不通に
・自宅はゴミが散乱

【消極】
・未成年者は保育園に継続的に通園、身長・体重とも年齢相応で健康状態に問題はない
・虐待やネグレクト等の具体的な証拠はない
・児童相談所との連絡は取れている"
1190,家裁,親権喪失,2025-02-25,1,[父],,,,2,[母],[養父],FALSE,1,[子],2015-08-10,9,申立人,却下,,,,,,,,,,,,,,,,,,,,,,,,,,,,FALSE,FALSE,FALSE,FALSE,FALSE,"【事案】
申立人は、母が未成年者を出産した当時、母と同居していたが、その時点で認知はしなかった。母は、精神的な不調や過剰服薬により入院したことがあり、申立人と別れる際も精神的に不安定になり、措置入院となった。その後、申立人は未成年者を認知し、親権者変更の調停を申し立てたが、母は、養父と婚姻し、未成年者の養子縁組をしたため、親権者変更調停は調停をしない措置となり、本件申立て（保全申立てもあり。）がされた。未成年者は、申立人の下で知人女性と生活しており、小学校には不登校で月に5回程度、オンラインで授業に参加している。
母は、治療を受けて精神的に落ち着いており、今後、養父の支援を得ながら未成年者と同居の上、同人の養育をしたい旨を述べている。
【判断】
母の養育に不十分な点があったことは窺われるものの、母が直接未成年者に対して何らかの虐待行為を行ったという主張・立証はなく、現時点で、母による親権行使が著しく困難又は不適当であることにより、未成年者の利益を著しく害する具体的な事態が生じているとは認められない。","【積極】
・長期間にわたり精神的に不安定、うつ病等の診断、過量服薬による措置入院
・学校との連絡が滞り、欠席や遅刻が多い

【消極】
・授乳・家計管理・保育園・小学校との連絡・予防接種など基本的な世話は行っていた
・未成年者の健康面に大きな問題はなく、年齢相応の発達
・虐待や悪意の遺棄を示す証拠はない
・児童相談所等からの指導・調査の形跡もない
・現在治療を継続し精神状態は落ち着き投薬量も減少"
1200,高裁,親権喪失,2022-11-29,1,[母方祖父],,,,1,[父],,FALSE,2,[子A],2008-12-22,13,申立人,却下,,,,[子B],2014-05-27,8,申立人,却下,,,,,,,,,,,,,,,,,,,,FALSE,FALSE,FALSE,FALSE,FALSE,"【判断】
抗告人は、事件本人父が長男への暴力などの虐待や、二男の養育を怠っていると主張するが、事件本人の長男に対する同居時の言動には不穏当・不適切な面があったものの、客観的資料からは虐待とまでは認められず、長男の身上監護を著しく怠っていたとも認められない。
養育費負担の意思も認められ、現状で親権の行使が著しく不適当である、または子の利益を著しく害しているとは認められない。二男についても、抗告人の主張を裏付ける資料がなく、親権喪失事由には当たらない。","【積極】
・平手や拳で叩くなどの暴力的言動
・未成年者が事件本人に対し恐れや不安を抱き、同居に否定的

【消極】
・身体に外傷を残すほどの暴力はなく、虐待とまではいえない
・小学校への送迎、面談対応などの身上監護
・養育費支払の意思・実績あり
・生活安定
・父親との同居や信頼関係再構築のための調停・話し合いが検討されていること"
1210,家裁,親権喪失,2021-01-20,1,[父],,,,2,[母],[養父],FALSE,1,[子],2015-02-28,5,その他親戚,却下,,,,,,,,,,,,,,,,,,,,,,,,,,,,FALSE,FALSE,FALSE,FALSE,FALSE,"【事案】
未成年者は申立人と母の離婚直後からそれぞれの実家に預けられ、居住地が複数回変わりながら監護者も頻繁に入れ替わり、監護状況は不安定であった。母は、育児への関わりが不十分な時期があり、従前の裁判手続で虚偽陳述をしたこともあったが、児童相談所の介入により、事件本人らへの支援が継続的に行われており、引き取りへの準備が進んでいる。
※調査官調査を実施。
【判断】
事件本人らによる将来の親権の行使について不安はあるものの，親権の行使が不適当であり子の利益を害するものであるとまではいえず，事件本人らの親権を喪失又は停止すべきであると判断するには至らない（予備的な親権停止の申立ても却下）。","【積極】
・住居や監護者が頻繁に変わるなど監護状況が不安定
・母が過去に虚偽陳述
・母は育児への関わりが不十分だった時期あり
・養父には面前ＤＶの履歴あり
・親権者らの収入について裏付けがなく、経済的に困窮

【消極】
・児相の支援・指導を受けており、養育意思あり
・児相は子を母方祖母に預けた後、親権者らへの引き取り調整を進めている
・頻繁な面会交流
・過去に子の監護者指定等の申立ては却下"
1220,家裁,親権喪失,2023-04-10,1,[母方祖母],,,,1,[母],,FALSE,1,[子],2009-04-11,13,申立人,親権喪失,,,,,,,,,,,,,,,,,,,,,,,,,,,,TRUE,FALSE,FALSE,FALSE,FALSE,"【事案】
母は未成年者の出生後、同人を養育したことはほとんどなく、夫による暴力も肯定していた。母は、警察の取調べにおいて、今後申立人や未成年者と会ったり連絡するつもりはないと述べて、審問期日にも出頭しなかった。未成年者は、申立人と離れることを嫌がる態度を見せる一方、母については、養育された記憶がないく、夫から暴行を受けた際も見ていただけであり、今後も殴られるかもしれないと思うと怖いと述べる。
※調査官調査を実施。
【判断】
母による親権行使の態様は著しく不適当であり、未成年者の利益を著しく害している。母は、未成年者に対する親権行使への意欲、関心を完全に失っているといえ、親権行使の態様上の問題が２年以内に解消する見込みはない。","【積極】
・未成年者の出生後、養育実体はほとんどなし
・転居後長期間未成年者と接触せず放置
・事件本人の再婚相手による複数回の暴行・傷害
・事件本人が警察の取調べに対し、今後子や申立人と会うつもりはないと述べた
・審問期日に出頭せず応答なし

【消極】
（特になし）"
1230,家裁,親権喪失,2017-03-31,1,[父],,,,2,[母],[養父],FALSE,1,[子],2002-06-27,14,申立人,親権喪失,,,,,,,,,,,,,,,,,,,,,,,,,,,,FALSE,FALSE,FALSE,FALSE,FALSE,"【事案】
未成年者は、申立人と母との離婚時、母を親権者と定められたが、母との関係が悪化し、母の監護下では学校に行けず、生活リズムも乱れていたが、申立人の監護を受けるようになって、状況が改善した。一方で、母は未成年者にLＩＮＥを通じて多数のメッセージを送り続けて感情的な対応をし、申立人が親権者変更調停を申し立てた後、養父と婚姻して未成年者の意思を確認することなく養子縁組をした。
※調査官調査を実施。
【判断】
全く監護の実体を伴わない養父と未成年者との養子縁組は未成年者の意思に反するもので不当であり、事件本人らが親権者とされたまま転居した場合には、未成年者が転校を余儀なくされる可能性があるなど、今後，未成年者の進学を控える中で、未成年者の希望や実情にそぐわず、申立人の適切な監護を妨げるような親権行使がされるおそれがあり，養父及び母が未成年者の親権者であることにより、未成年者は、不安定で安心できない状態に置かれており、親権の行使が著しく不適当であることにより未成年者の利益を著しく害するものと認められる。","【積極】
・未成年者の意思に反する養子縁組
・養父・母に監護実体なし
・未成年者に精神的苦痛、頭痛、腹痛、抑うつ傾向あり
・未成年者が母との面会交流を拒絶、親権者変更を希望
・母からのLINEメッセージ等による心理的圧迫
・養子縁組により親権者変更手続が不可能に

【消極】
（特になし）"
1240,家裁,親権喪失,2017-01-17,1,[おば],,,,1,[母],,FALSE,1,[子],2009-05-19,7,申立人,却下,,,,,,,,,,,,,,,,,,,,,,,,,,,,FALSE,TRUE,FALSE,FALSE,FALSE,"【事案】
親権者は離婚後、申立人や母と同居し、未成年者の世話を十分にしなかったため、申立人が未成年者の世話をするようになった。親権者は転居を繰り返しているが、未成年者を自ら養育したり、引き取りたいと求めたりすることはなく、約1年半は申立人や未成年者の住居を訪れていない。
【判断】
親権者は、未成年者を悪意で遺棄したと評価することができるようにも思われるが、未成年者の監護を適切に行うことができる申立人に委ねていると評価することもできないではなく、少なくとも、親権者による著しく不適当な親権の行使により未成年者の利益が著しく害されているとはいえない。","【積極】
・事件本人は子のを引取りを求めなかった

【消極】
・申立人による未成年者の適切かつ安定的な養育
・事件本人による未成年者を無理矢理連れて行く等の具体的行為は認められない。今後の危害や犯罪関与の可能性も具体性を欠く"
1250,家裁,親権喪失,2017-08-16,1,[長男],[二男],[三男],[四男],1,[母],,TRUE,4,[長男],1997-10-01,19,申立人,却下,,,,[二男],1999-11-14,17,申立人,却下,,,,[三男],2003-04-29,14,申立人,却下,,,,[四男],2005-09-02,11,申立人,却下,,,,FALSE,FALSE,FALSE,FALSE,FALSE,"【判断】
事件本人の家計の管理には不十分、不適切な点があったが、未成年者らの監護に必要な費用をほとんど負担していなかったということはできず、単身で4人又は5人の子を監護し，その中には未だ乳幼児である長女もいたのであるから，家事や未成年者らの世話等に必ずしも行き届かない部分が生じることや夜間に仕事をしていたことにはやむを得ない面もあり、親権を濫用していたということはできない。親権停止の限度でも理由がない。","【積極】
（特になし）

【消極】
・交際相手との関係は親権喪失の理由とならない
・未成年者らは長男・二男の収入で生活を維持しており、養育に大きな問題が見当たらない
・親権者は遺族年金や援助金で家計を支えており、生活費の大半を負担している
・校納金や就学援助手続きなど、一部不適切な点はあるものの、基本的な養育義務は果たされている
・家庭訪問・学校・児童相談所の調査で未成年者らの生活に重大な問題は認められない"
1260,家裁,親権喪失,1984-03-30,1,[父方祖父],,,,2,[養父],[母],FALSE,1,[子],1973-10-05,10,申立人,管理権喪失,,,,,,,,,,,,,,,,,,,,,,,,,,,,FALSE,FALSE,FALSE,FALSE,FALSE,"※調査官調査を実施。
【判断】
申立人は長年未成年者を養育し、事件本人らは、未成年者に支払われた亡父の保険金を自らの使途に費消してはいるが、事件本人母は、未成年者に対する愛着が強く、引き取りを切に希望しており、財産の管理権を濫用しているが、その他の親権を濫用している者とは認め難く、親権を管理権に限って喪失させる。","【積極】
・未成年者が事件本人ら（母・養父）の下へ行くことを頑に拒否、現在は祖父の下で健全に成長
・事件本人らが未成年者の財産管理権を濫用

【消極】
・母は未成年者に対する愛着が強く、引き取りを希望
・養父も未成年者の引き取りを希望し、養子縁組
・親権全体（監護・教育等）については濫用なし"
1270,家裁,親権喪失,2020-12-21,1,児童相談所長,,,,1,[母],,FALSE,1,[子],2003-11-27,17,その他施設,親権喪失,,,,,,,,,,,,,,,,,,,,,,,,,,,,FALSE,TRUE,FALSE,FALSE,FALSE,"【事案】
未成年者には先天性心疾患、精神遅滞、小頭症があり、平成25年1月31日に意識障害で救急搬送され、脱水症状と栄養失調が判明した。ネグレクトが疑われ、事件本人が退院後の訪問看護を拒否したことから児相が介入し、未成年者を一時保護。同年5月15日、親権を2年間停止する審判がされ、その後、平成29年、平成31年にも同様の親権停止審判がされたが、事件本人は、児相との接触を拒否し続けていた。
【判断】
事件本人は7年間にわたり監護養育姿勢を改善しようとせず、今後も適切に養育することは期待できない。親権喪失の原因が2年以内に消滅する見込みもないから親権喪失事由がある。","【積極】
・未成年者に対するネグレクトの結果、脱水症状・栄養失調による意識障害により緊急入院
・児相への訪問拒否・協力不履行、監護養育姿勢の改善なし
・過剰な思い込みに基づく食費削減等、不適切な養育行為の継続
・先天性心疾患・精神遅滞・小頭症など重度障害を抱える子どもへの適切な医療・介護が提供できず
・親権停止審判後も2年間以上にわたり児相との関わりを拒絶

【消極】
・未成年者は福祉型障害児入所施設に入所し、適切な環境で監護養育"
1280,家裁,親権喪失,2021-10-27,1,[母],,,,1,[養母祖母],,FALSE,1,[子],2003-01-01,18,事件本人,却下,,,,,,,,,,,,,,,,,,,,,,,,,,,,FALSE,FALSE,FALSE,FALSE,FALSE,"【事案】
未成年者は、多額の資産を有する父方祖父及び事件本人である父方祖母との間で養子縁組をし、第2次受益者となる信託契約を締結するなどしたが、その監護は父母（父は事件本人の長男）が担ってきた。事件本人は、養父の死後、未成年者と同居していた住居を出て、事件本人の長女宅に同居し、二男と行き来するようになり、父との間で信託契約の効力を巡って紛争が生じた。事件本人は適応障害で治療を受け、要介護２の認定を受けている。
【判断】
医師の診断書及び改訂長谷川式簡易知能評価スケールの結果によれば、現在、事件本人に財産管理能力がないと認めることはできず、未成年者の財産の実際の管理を申立人及び父に任せており、事件本人自身が、未成年者の財産について管理や処分を行ったことはなく、これまでに、不適切な管理行為があったと認めることはできない。事件本人と未成年者は利益相反関係に立つが、特別代理人の選任を申し立てているし、権利行使の方法が社会的相当性の範囲を逸脱しているということもない。","【積極】
・過去の一時的な判断能力低下や精神的不安定

【消極】
・事件本人の判断能力的に金銭管理は可能
・未成年者の財産を父・申立人に委任しており、直接的な不適切管理行為は認められない
・親権者が未成年者と利益相反関係になる訴訟行為についても、適切な配慮あり
・相続税納付遅延は養父の相続争い等他原因によるもので、親権者の管理不備とは結びつかず"
1290,家裁,親権喪失,2022-11-10,1,[母],,,,2,[父],[養母],FALSE,1,[子],2015-02-06,7,児童養護施設,却下,,,,,,,,,,,,,,,,,,,,,,,,,,,,FALSE,FALSE,FALSE,FALSE,FALSE,"【判断】
養母及び父が未成年者の頬を平手で叩いた事実は認められるが、その行為が未成年者を身体的または精神的に苛酷に取り扱う程度にまで至っていたのか判然としない。未成年者は、現在、児童養護施設で安定した生活を送っており、事件本人らも児相の指導に従い、手紙のやり取り、電話、面会交流など未成年者の福祉に適う行動をしていて、現時点において虐待を行う蓋然性はなく、安定した監護環境が確保されていないともいえない。","【積極】
・未成年者を叩いたことがある

【消極】
・虐待とまではいい切れない
・児童養護施設で安定した生活
・児相の指導に従う
"
1300,家裁,親権喪失,2025-02-25,1,[父方祖母],,,,1,[父],,FALSE,1,[子],2009-11-28,15,申立人,親権喪失,,,,,,,,,,,,,,,,,,,,,,,,,,,,FALSE,FALSE,FALSE,FALSE,FALSE,"【事案】
未成年者は、未婚の父母の子として出生後、父から認知され、父母及び父方祖父母と同居したが、日常的な監護は祖父母（祖父の死去後は祖母のみ）が担っていた。母は、父と結婚しないままH23頃に同居を解消し、未成年者の親権者を父と定める合意後は、未成年者と交流はない。父はR3.12に母とは異なる女性とその子と同居した。未成年者は当初共に転居する意向を示していたが、苗字を変えたくない、友達や祖母と離れたくない旨述べ、最終的に祖母と暮らすことを選んだ。父は別居後、学校行事等に参加することはあったが、R5の正月以降は未成年者と会っていない。未成年者は、自立まで祖母との二人暮らしを希望し、もう父と会わなくてもいい、父は親らしいことをしてこなかったので親権者でなくてもいいと述べるなど、父との関わりに消極的で、親権喪失又は停止に賛成の意向を示した。父は、審問で、親権喪失でよい旨述べ、金銭トラブルで対立した祖母と縁を切りたいと思っているし、未成年者が祖母との生活を選んだことに裏切られたと感じており、その後は全く興味がなく、金銭的な援助をするつもりはないし、祖母が面倒を見られないなら施設に預ければよいなどと述べた。
【判断】
父は、出生当初から関わりが薄かったが、特に祖母との対立が深まった後、未成年者への関心を失ったばかりか、関わりを拒否する姿勢が認められ、親権行使の態様（不行使も含む。）が著しく不適当で、未成年者の利益を著しく害している。父が、親権を喪失させて良いと述べ、親権行使への意欲も完全に失っている状態にあること等からすれば、現状が2年以内に解消する見込みも全く認められない。","【積極】
・未成年者の意向
・出生当初から関わりが薄い
・関わりを拒否し、親権行使の意欲がない"
1310,家裁,親権喪失,2025-09-09,1,[叔母],,,,1,[父],,FALSE,1,[子],2012-03-04,13,申立人,親権喪失,,,,,,,,,,,,,,,,,,,,,,,,,,,,FALSE,TRUE,FALSE,FALSE,FALSE,"【事案】
未成年者は父母に養育されてきたが、R5.10に母が死亡。母の死亡によりその生命保険金が振り込まれた後、父は無断でそれを払い戻して遊興費に費消した。未成年者の兄（高校三年生）は、父に、母が学費等に残してくれた貯金を費消しないよう懇願したが、父は、未成年者ら名義の通帳をもって自宅を出た後、連絡を途絶えさせていった。叔母は、本件と共に保全処分を申し立て、R7.5.13に叔母を職務代行者とする旨の保全処分がされた後は、兄と二人で生活していた未成年者を引き取り、未成年者は従前より比較的落ち着いた生活を送り、未成年者自身も好意的に現状の生活を受け止めている。父も、未成年者が叔母による監護を受けることを認める旨の意向を示している。
【判断】
父は、合理的な理由もなく進学費用として母が遺した保険金等を領得して遊興費に費消し、未成年者と兄を置いて出た後は、監護を放棄しているから、親権の行使が不適当であることによりこの利益を著しく害するといえる。そして、領得した金員を返還せず、叔母の監護を受けることを認める意向を示しているから、親権行使への意欲、関心を失っている状態にあり、これらの問題が今後２年以内に解消する見込みはない。","【積極】
・未成年者の意向
・監護の放棄
・現状の父以外による監護を容認
・未成年者の金員を領得し、返還しない"
2010,家裁,親権停止,2023-03-24,1,[母方祖母],,,,1,[母],,FALSE,1,[子],2021-08-01,1,乳児院,親権停止,一定期間,24,,,,,,,,,,,,,,,,,,,,,,,,,,FALSE,TRUE,FALSE,FALSE,FALSE,"【事案】
母は住所不定で生活実態が不明瞭、経済的に困窮しており、申立人、児童相談所や裁判所からの連絡にもほとんど応じない。未成年者は、母の同意の下で施設入所処置がとられ、乳児院で生活しているが、母との連絡がつかず、申立人との面会ができない。
【判断】
親権者の現状では、今後も、未成年者に対する適切な監護養育が期待できず、未成年者の利益を害するおそれが高い。","【積極】
・連絡がとれない状態が継続"
2021,家裁,親権停止,2023-11-17,1,[父方祖母],,,,1,[父],,FALSE,1,[子],2014-01-19,9,事件本人,却下,,,,,,,,,,,,,,,,,,,,,,,,,,,,TRUE,FALSE,FALSE,FALSE,FALSE,"【事案】
父が、未成年者を叱る際に手を挙げることも何度があり、児童相談所が、未成年者に対する身体的暴力行為があったことを理由として、２度に渡り、一時保護。父は、一時保護解除後も、父は、児童相談所に転居の連絡をせず、児童相談所による家庭訪問や管轄児相への引継ぎの指導に従わなかった。
※　子の監護状況、子の意向・心情の調査を実施。
【判断】
父の継続的な体罰や児童相談所の指導に適切に服さないことが不適当であり、父が従前の監護方法に十分な内政を深めていているとは言い難いが、反省していると一応述べており、一時保護解除後の暴力はないこと、監護態勢や住環境に問題がうかがわれないこと、親権停止をしないでほしいとの未成年者の意向、小学校による見守りが期待できることなどを考慮して、現状において、親権停止の要件に該当しない。","【積極】
・継続的な体罰
・児相の指導に従わない
【消極】
・叱る際に何度が手を挙げたという限度での認定
・一時保護後の暴力はなく、本人の行動が改善している
・子が停止を望んでいない
・監護態勢等に問題がない
・小学校の見守りが期待できる"
2030,家裁,親権停止,2024-12-25,1,[母方祖母],,,,1,[母],,FALSE,2,[子A],2007-03-25,17,申立人,親権停止,成人するまで,,,[子B],2012-06-07,12,申立人,親権停止,一定期間,24,,,,,,,,,,,,,,,,,,TRUE,TRUE,FALSE,TRUE,FALSE,"【事案】
親権者母は、統合失調症により一度目の医療入院を経た後も、定期的な通院を維持せず、家庭内において、自炊ができず、親権者母宅にハエが大量発生していても、長女が銀行から金を盗んだため資金がないとして対応しなかった。また、申立人や母方伯母を敵とみなして未成年者らと連絡を取り合うことを禁じたり、未成年者らも敵とみなして怒鳴り、夜中、未成年者らを寝かせなかった。母が再び医療保護入院をした際、申立人が申立て。申立人から、母に、新たな医療症の交付を求めたが、母はマイナンバーカードとの引き換えを求めて即座には交付せず。
※　子らの調査を実施し、子らは親権停止を希望
【判断】
同居中の母の監護は、未成年者らの心身の安全を脅かすもので、非常に不適当な親権行使であり、未成年者らが恐怖心を抱くことも無理はない。親権行使の問題点が改善されたとは認められず、医療行為や学校関係の手続について、子らに不利益が生じる状況となっている。","【積極】
・虐待の頻度、態様
・子が親権停止を希望
・本人が改善せず
・親権行使による不利益が生ずる状況"
2040,家裁,親権停止,2016-11-29,1,児童相談所長,,,,2,[母],[養父],FALSE,1,[子],1998-05-08,18,,親権停止,成人するまで,,,,,,,,,,,,,,,,,,,,,,,,,,,FALSE,FALSE,FALSE,FALSE,TRUE,"【事案】
養父は、母との婚姻の際、子と性行為することを求めて子はこれを了承した。養父は、その後、執拗に子に性行為を要求し、母は、養父の行動を黙認した。
※　子の調査を実施し、養父の親権停止は積極的に、母の親権停止は消極的に希望
【判断】
養父は、執拗に性行為を要求したこと、母が、これを知りながらこれを容認、助長したことから、要件該当性は明らか。","【積極】
・性行為を執拗に迫り、これを容認・助長"
2050,家裁,親権停止,2024-11-01,1,児童相談所長,,,,1,[母],,FALSE,1,[子],2008-02-10,16,後見人,親権停止,成人するまで,,,,,,,,,,,,,,,,,,,,,,,,,,,FALSE,TRUE,FALSE,FALSE,FALSE,"【事案】
未成年者は、児相の一時保護後、児童養護施設への入所、医療保護入院の措置がとられた（双極性障害と診断）が、児相からの親権者との連絡が取れない状態が継続しており、２年間の親権停止の審判がされ、未成年後見人が選任された。前回の親権停止審判後、精神医療センターへの一時保護委託と児相での一時保護が繰り返された。
※　子の調査により、後見人がやってくれているので、どちらでもよいとの意向を示す。
【判断】
引き続き投薬等の継続的な治療が必要であり、親権者の同意や判断を要する治療が必要となる可能性が否定できず、親権者と連絡が取れない状態が長期間継続していて、必要な場面で親権者の同意が得られないことが想定される。","【積極】
・連絡がとれない状態が継続"
2060,家裁,親権停止,2024-11-08,1,[父],,,,2,[母],[養父],FALSE,1,[子],2016-05-16,8,児童養護施設,却下,,,,,,,,,,,,,,,,,,,,,,,,,,,,FALSE,TRUE,FALSE,TRUE,FALSE,"【事案】
父の親権者変更調停申立て中に、母が養父と婚姻し、子らと養子縁組。その後、母・養父宅のライフラインが料金滞納により停止し、児相が子らを一時保護した後、児童養護施設に入所。父は監護者変更調停を申し立てた後、本件を申立て。
【判断】
①ライフラインが料金滞納により止まる、②子の虫歯の治療ができず、夜間に子らで過ごすことがあったことなど、③子の前で子の姉に「頭が悪い」等の暴言を吐く、子の姉から金を借りるなど、監護には問題があったが、子と親権者らの間には愛着関係が形成・維持され、発育状況に特段の問題がなく、学校への適応状況にも大きな問題ないことから、一定程度の監護能力があることを推認させる。
上記①は改善され、②は意図的、重大ではなく、③未成年者らへの直接的な暴言があったわけではないことから、上記監護上の問題は、Neglectの中でも加害意図が軽薄で子に対する関心を失ってはいない部類に入る。
","【積極】
・ネグレクト、暴言

【消極】
・虐待の意図が軽薄
・本人の行動が改善
・監護態勢等に問題がない
・親子関係に問題がない"
2070,家裁,親権停止,2013-05-10,1,児童相談所長,,,,1,[母],,FALSE,1,[子],2000-06-17,12,事件本人,親権停止,一定期間,24,,,,,,,,,,,,,,,,,,,,,,,,,,TRUE,FALSE,FALSE,TRUE,FALSE,"【事案】
未成年者は幼少時から母親からの暴力等の虐待を繰り返し受け、平成21年に児童院措置を受けた。母は精神科医によるカウンセリングや虐待親向けのグループプログラムを受けたが、児童院措置解除後も、暴力や、より陰湿な未成年者の人格を貶め傷つける振る舞い、首を絞めるなどの生命に危険が及びかねない暴行を行うようになり、児相の指導やカウンセリングを拒否。
※　子の調査を実施し、親権停止は良いとも悪いともいえないが、母と一度距離を置くことは必要であるとの意向。
【判断】
母の行いは身体的・心理的虐待というほかないが、母は真摯な反省は見受けられず、子を引き取った後は児童相談所との連絡を絶ち、引っ越して電話番号を変えるなどした上、虐待を隠す傾向がある。","【積極】
・虐待の悪質性、長期間
・本人の反省なし
・子の意向
・関係機関の指導を受け入れない

"
2080,家裁,親権停止,2024-05-08,1,未成年者本人,,,,1,[母],[養父],TRUE,1,[子],2010-11-12,13,その他親戚,親権停止,一定期間,24,,,,,,,,,,,,,,,,,,,,,,,,,,FALSE,FALSE,FALSE,FALSE,FALSE,"【事案】
子は出生後、母と母方祖父母宅で同居していたが、母と二人暮らしをした後、母の再婚により養父と養子縁組。子は、母と養父との間の子の出生後、夜に新生児の世話をするなどの影響により、不登校状態となった。子は祖父母宅を訪れた後、そのまま祖父母宅に居住。母は人身保護請求をしたが棄却。本案申立て後、保全処分として、 親権者らの職務を停止し,祖父を職務代行者に選任する旨の審判が確定。母らは、未成年者の進学、医療機関受診等について,未成年者の意思を尊重する意思を表明したが、子と合意に至らず。
※　子らの意向調査を実施し、未成年者は、祖父母宅での生活継続と親権者らの親権停止を希望
【判断】
子と母らとの間に、子の意思を尊重し、子の不安を払しょくするための合意が成立せず、職務代行者の祖父と母との間に深刻な感情的対立があることから、母らが、親権を背景として、進学や医療機関の受診等、子の意思決定等に不適切な干渉を及ぼす可能性あり。
また、未成年者が親権者らに対する生理的嫌悪感をあらわにし、親権者らの関与を拒絶する意向を明確に示しており、親権行使が困難。親権者らの親権の行使を一定期間制限することで不安を払しょくし、心身ともに安定した生活を遅らせることが、子の福祉に資する。","【積極】
・親権を背景に、子の意思決定に不適切な干渉を及ぼす可能性あり
・子の意向

【消極】
・母らは子の意向に一定程度配慮し、子の生活への干渉を差し控えるよう努めている"
2090,家裁,親権停止,2024-10-22,1,児童相談所長,,,,1,[母],,FALSE,3,[子A],2009-06-21,15,児童相談所,親権停止,一定期間,24,,[子B],2016-07-03,8,児童相談所,親権停止,一定期間,24,,[子C],2017-11-15,6,児童相談所,親権停止,一定期間,24,,,,,,,,,,FALSE,FALSE,FALSE,FALSE,FALSE,"【事案】
子らについて、児相の一時保護、一時保護委託、児童養護施設への入所が繰り返され、２年間の親権停止審判が確定。その後、母が子らとの面会交流直前のキャンセルを繰り返す、傷害事件で有罪判決を受けた現夫と関わらない旨の誓約書に違反して、関係を復活させた。
※　子の調査を実施し、親権停止を希望
【判断】
前件審判の親権停止期間経過後も、母の精神疾患等、生活基盤の不安定、誓約書違反などから、監護態勢を十分に改善したとは認められない。","【積極】
・精神疾患
・前件審判後に改善せず

【消極】
・自らの課題を認識し、親権者としての意識や自覚が向上"
2100,家裁,親権停止,2024-10-22,1,児童相談所長,,,,1,[父],,FALSE,2,[子A],2016-07-03,8,児童養護施設,親権停止,一定期間,24,,[子B],2017-11-15,6,児童養護施設,親権停止,一定期間,24,,,,,,,,,,,,,,,,,,FALSE,FALSE,FALSE,FALSE,FALSE,"【事案】
子らについて、児相の一時保護、一時保護委託、児童養護施設への入所が繰り返され、２年間の親権停止審判が確定。その後、父は傷害事件で有罪判決を受け、母が子らとの面会交流直前のキャンセルを繰り返す、た父と関わらない旨の誓約書に違反して、関係を復活させた。父は審問に出頭せず、書面等も提出せず、生活状況明らかではない。
※　Ｎｏ９の関連事件
※　子の調査を実施
【判断】
父は傷害事件で有罪判決を受け、前件審判の確定後も、粗暴傾向が認められ、監護態度等に著しい改善があったとは認められない。","【積極】
・粗暴傾向が改善せず"
2111,家裁,親権停止,2021-11-18,1,[父],,,,1,[母],,FALSE,1,[子],2007-04-02,14,事件本人,却下,,,,,,,,,,,,,,,,,,,,,,,,,,,,FALSE,FALSE,FALSE,FALSE,FALSE,"【事案】
父と母は、別居後、離婚訴訟により、親権者を母として離婚する旨の判決がされたが、控訴審において、再び同居するとの和解が成立し、父母と子の同居が再開された。その後、母が子を連れて、実家に帰り、再び別居に至った。
※　子の監護状況の調査を実施
【判断】
母の監護が不適当との諸々の主張は認められず、母が父に暴行をして、これを子に見せつけたと主張する主張も採用できない。
※　抗告棄却",
2120,家裁,親権停止,2023-03-29,1,[母方叔母],[母方叔父],,,1,[父],,FALSE,1,[子],2015-01-04,8,申立人,却下,,,,,,,,,,,,,,,,,,,,,,,,,,,,FALSE,FALSE,FALSE,FALSE,FALSE,"【事案】
申立人らは、子の出生後、母の監護を補助し、子との交流を頻繁に行っており、母が父と別居して以降、子を事実上監護。母は、親権者を父と定めて協議離婚。父は東京から高知の実家に戻り祖母と同居。
※　子の状況及び身上調査を実施し、子は東京の申立人宅での生活を希望
【判断】
同居中の振る舞いからは、未成年者に対する愛情表現や関心の薄さが見受けられ、苛立ちを示して怒って頭を叩いたりしたことがあるが、親子関係において通常みられる程度であり、暴力行為やその他不適切な関わりをしていた事実は認められない。父が、対立状態となった申立人に対する不適切な言動をしたとしても、未成年者に対する親権の行使として不適切であったとはいえない。父が未成年者や申立人との合意なく、転出届を提出等したことは、未成年者との関係でも不適切であったが、不当な意図があったとまではいえず、直ちに停止事由に当たるとは評価できない。
申立人の監護態勢が良好であって、親権者の態勢がそれに及ばないとしても、直ちに親権の行使が不適切となるわけではない。
※　抗告棄却","【積極】
・頭を叩く、無断で転出届を提出
・子の意思

【消極】
・不適切な言動があったとしても、内容・意図等から、親権停止事由とはいえず"
2130,家裁,親権停止,2023-05-25,1,[母方祖父],,,,1,[母],,FALSE,1,[子],2015-03-16,8,申立人,親権停止,一定期間,24,,,,,,,,,,,,,,,,,,,,,,,,,,FALSE,TRUE,FALSE,TRUE,FALSE,"【事案】
児相は母の怒鳴り声などの通告を心理的虐待として受理した後、母は、申立人に子を預けた。申立人は、母に小学校の転校手続を求めたが、母は拒絶し、子は小学校に通っていない。
※　子の調査を実施を実施し、「絶対帰りたくない。ママが嫌だからね。」、母が「怖い。」との発言。
【判断】
児相への通告の経緯からすると、母の子に対する暴言等の不適切な言動があり、子が母宅に戻ることを拒否していることから、子の心情に反して母の監護者に戻すことは、相当ではない。そして、母が転校を拒絶し、小学校に通っていないことからすると、親権の行使は不適当。
※　職務代行者選任の申立ては、本案の審判の申立てとしては、法的根拠なく不適法として、却下
※　抗告は却下","【積極】
・身体的、心理的虐待の存在
・子の意思
・進学に関する親権の不適切な行使"
2140,家裁,親権停止,2024-05-16,1,児童相談所長,,,,1,[母],,FALSE,1,[子],2006-12-18,17,独居,親権停止,成人するまで,,,,,,,,,,,,,,,,,,,,,,,,,,,FALSE,TRUE,FALSE,FALSE,FALSE,"【事案】
父は不詳。母は出産後乳児院に子を預け、その後居所不明となった際に子は養護施設に入所した。申立時に母は音信不通で審問にも出頭せず。
※　子の調査
【判断】
親権者は、これまで子と一切交流したことがなく、児童との音信不通が継続しており、未成年者の今後の自立にあたり、親権者による適切な親権の行使が期待できない。
","【積極】
・連絡がとれない状態が継続"
2150,家裁,親権停止,2024-11-18,1,児童相談所長,,,,2,[父],[母],FALSE,2,[子A],2018-11-21,6,その他施設,親権停止,一定期間,24,,[子B],2022-09-03,2,その他施設,親権停止,一定期間,24,,,,,,,,,,,,,,,,,,FALSE,FALSE,TRUE,FALSE,FALSE,"【事案】
子らは出生後、一時保護委託を経て、児福２８条１項審判により、児童養護施設又は乳児院への入所措置がとられた。父母は、長年にわたり精神科病院への入退院を繰り返し、統合失調症と診断されているが、自己判断で治療を中断。子らの定期予防接種に一切同意しないとして申立てがされ、審問でもワクチンの危険性を述べるなどして同意を拒否。
【判断】
定期予防接種を受けられないでいることは子らにとって重大な不利益であり、不同意についての合理的理由なし
","【積極】
・ネグレクトの内容"
2160,家裁,親権停止,2025-04-18,1,[養母方祖父],,,,1,[養母],,FALSE,2,[子A],2012-02-03,13,その他施設,却下,,,,[子B],2014-04-07,11,事件本人,却下,,,,,,,,,,,,,,,,,,,,TRUE,FALSE,FALSE,TRUE,FALSE,"【事案】
子らは、出生後、母と申立人宅で同居していたが、子らと離島に居住し、養父と婚姻して、共同養子縁組をした。養父は、子らの発達の偏りを理解せず、大声で叱責を繰り返し、長男を山に置き去りにする、夜に家から閉め出すなどし、母は止めなかった。児相による一時保護を経て、母と養父は離婚し、母は転居したが、同島に住む養父との交流を続けている。
※　子の意向調査を実施し、長男は養父
【判断】
養父の行為を止めず、養父から避難もさせないなど、母の養育態度や親権行使のあり方に問題があったことは否定できず、長男の精神的傷つきは深いが、児童相談所の介入後、母は、養父と離婚するなど子らの意向及び心情を優先した行動を模索しており、子らはいずれも母との生活を望み、養父と離婚後に母が親権者となることを希望していることなどを理由に、却下された。","【積極】
・養育態度や親権行使に問題あり。
・子の精神的ダメージ

【消極】
・改善がみられる
・子の意向"
2170,家裁,親権停止,2025-04-25,1,[母方祖母],,,,1,[父],,FALSE,2,[子A],2010-02-02,15,申立人,親権停止,一定期間,24,,[子B],2012-05-01,12,申立人,親権停止,一定期間,24,,,,,,,,,,,,,,,,,,TRUE,FALSE,FALSE,TRUE,FALSE,"【事案】
父は、子らが幼い頃から日常的に暴力を振るい、子らの面前で、母に対して暴言を吐いたり、暴力を振るったりした。母は、父に離婚訴訟を提起中に死亡。子らは申立人宅で生活するが、不登校であり、昼夜逆転又は引きこもりとなっている。
【判断】
父は子らに対して日常的に暴力を振るい、その後も関係の再構築へ向けた努力をしたこともなく、親権者としての適格性を認めがたい。父は、母の死後、子らに会いに来たことも、生活費を払ったこともなく、親権者として行動しようとする意志を欠いている。","【積極】
・暴力
・親権者としての不適切な対応
・子の意向"
2180,家裁,親権停止,2024-10-03,1,[母方祖母の夫],,,,2,[父],[母],FALSE,1,[子],2012-03-05,12,申立人,親権停止,一定期間,24,,,,,,,,,,,,,,,,,,,,,,,,,,FALSE,FALSE,FALSE,FALSE,FALSE,"【事案】
未成年者は自閉スペクトラム症であり、出生後、主に申立人宅で生活していたが、母と父が、未成年者の特性や意向に配慮せずに、転校させる、医療機関での治療や予防接種等への協力が得られないこと等を理由に２年間の親権停止を認めた前件審判がされた。
※　子の調査を実施し、親権停止を希望
【判断】
未成年者は、申立人宅で安定した生活を送っており、父母に強い嫌悪感を示しているが、前件審判の確定後、未成年者と父母との間に父母が未成年者を適切に監護できる関係が形成されていない。この状況で父母が親権を行使すると、未成年者らの意思に反して安定した生活環境を変えることになる上、転校を余儀なくされ、自閉スぺクトラム症の特性を有する未成年者の精神的安定が損なわれ、健全な成長が妨げられるおそれがある。","【積極】
・現在の監護状況
・前件審判後の親子関係の不形成
・子の意向
・医療機関での治療等への適時の同意が得られない状況に変化なし"
2190,家裁,親権停止,2024-02-01,1,児童相談所長,,,,1,[母],,FALSE,2,[子A],2006-02-17,17,その他施設,親権停止,成人するまで,,,[子B],2007-05-27,16,その他施設,親権停止,成人するまで,,,,,,,,,,,,,,,,,,,FALSE,FALSE,FALSE,TRUE,TRUE,"【事案】
母の交際相手が、三女に対して性加害を行い妊娠したとの虐待通告があり、二女に対しても性的虐待を加えた疑いにより、二女と三女は施設に一時保護された。二女は知的障害を有しており、三女は中絶手術を受けたが性被害の影響でトラウマ症状を示している。交際相手は刑事裁判で公訴事実を認めたが、母は性加害の事実を否定している。
※　子の調査を実施し、母に対する否定的な意向を示す
【判断】
母は交際相手による性加害行為の受け止めや子らの心情に対する振り返りができておらず、子らにおいても母が心情に配慮する可能性に全く期待しておらず、母子間の信頼関係がみられないため、子らにとって安心できる適切な親子関係を構築しておらず、その構築も困難。","【積極】
・交際相手による性加害とその否認
・適切な親子関係の不存在
・今後の構築が困難"
2200,家裁,親権停止,2024-08-09,1,[母],,,,1,[父],,FALSE,1,[子],2017-05-15,7,申立人,却下,,,,,,,,,,,,,,,,,,,,,,,,,,,,FALSE,FALSE,FALSE,FALSE,FALSE,"【事案】
父母が同居し、父は二女及び未成年者を連れて実家に転居したが、母による監護者指定の審判申立てにより、未成年者の監護者を母と定め、父に対し、未成年者を母に引き渡すよう命ずる審判及び保全処分が確定した。母は、父から、引き渡しを受けた後、父母間の争いを未成年者や姉妹を巻き込む行為、未成年者の引渡し時の状況、健康保険被保険者証の未交付、幼稚園の退園手続きの拒否、預金引き出しなどを理由に、本件を申立てた。
【判断】
申立人が主張する事由は、母による未成年者の監護を尊重しないものであるうえ、父母間の葛藤にあえて巻き込んでいる点で親権者として適切な行動とは言い難い面があるものの、父の一連の言動によって、未成年者の監護状態に重大な支障が生じたり、未成年者自身の心身に大きな悪影響が生じたりしたことはなく、未成年者の福祉を大きく害するような状況には至っていないと判断し、本件申立てを却下した。","【積極】
・親権者として不適切な行動

【消極】
・現在の監護状況
・今後の監護への支障の蓋然性なし"
2210,家裁,親権停止,2023-11-29,1,児童相談所長,,,,2,[父],[母],FALSE,3,[子A],2006-05-15,17,里親,却下,,,,[子B],2009-05-10,14,里親,却下,,,,[子C],2011-06-27,12,里親,却下,,,,,,,,,,,,TRUE,FALSE,FALSE,TRUE,TRUE,"【事案】
父が子らの胸を触ることを繰り返し（逮捕後、処分保留で釈放）、子らは児相による一時保護が継続。父は、否認しており、母は、父と一時別居するも、父と和解し、父の否認に同調して、子らが嘘をついていると非難。
※　子らの調査を実施し、いずれも父母との同居を拒否、長女は親権停止を希望
【判断】
父は、子らへの性的虐待行為、怒鳴ったり、子らを叩いたり、子らの面前で母を叩いたりするなどの暴力を繰り返し、母は、何ら有効な対策を取らず、父と再び和合しており、未成年者らに安心安全な環境を提供できていなかったとして、父母による監護状況は不適切切であった。そして、子らはいずれも父母との同居を強く拒否していることから、父母の監護養育が子らの福祉を害することは明らかであり、里親や施設での生活が最善の措置である。
しかし、里親委託又は施設入所により、子らを父母から引き離せば未成年者らの再被害は防止できるから、親権停止が必要とはいえず、父が子の意向を無視して高校退学手続をとろうとするなど不適切な親権行使をしようしとしたが、実害は生じておらず、父母が今後の実効的な妨害行為をすることは困難として、親権停止の必要性を否定。","【積極】
・わいせつ、暴力、面前ＤＶ
・不適切な親権行使
・子の意向
・今後の改善可能性なし

【消極】
・里親委託又は施設入所による再被害防止が可能
・実効性ある妨害行為が困難

※　個人的にはこの判断には疑問が多い。特異な事例であり、紹介方法には慎重な検討が必要か。"
2220,家裁,親権停止,2021-02-01,1,児童相談所長,,,,2,[父],[母],FALSE,1,[子],2020-04-16,0,一時保護,親権停止,一定期間,24,,,,,,,,,,,,,,,,,,,,,,,,,,FALSE,FALSE,TRUE,FALSE,FALSE,"【事案】
子らは出生後、Neglect（父母と同居していた自宅が不衛生な環境）の理由で、児相により一時保護。未成年者は持病のため定期予防接種の確実な履行が必要と診断されているが、父母は、定期予防接種には同意せず、緊急医療に対する事前同意も拒否。
【判断】
子の持病から通常以上に定期予防接種の必要性が高く、緊急医療行為が必要となる可能性があるが、子が必要な医療措置を受けることが困難であり、親権を停止しなければ、定期予防接種を含む必要な医療的措置を受けることができない。","【積極】
・医療ネグレクト"
2230,家裁,親権停止,2022-01-14,1,児童相談所長,,,,1,[母],,FALSE,1,[子],2004-08-03,17,その他施設,親権停止,成人するまで,,,,,,,,,,,,,,,,,,,,,,,,,,,FALSE,TRUE,FALSE,FALSE,FALSE,"【事案】
子の高校留年を契機に母が食事選択をせず、子との会話もなくなり、子が家を出て、児相に一時保護。その後、母は、児相や学校からの連絡にほとんど応答せず。
※　子の調査を実施し、母に対する不信感と母に頼らず自立する意向を示す。
【判断】
進学等の重要な事項について、学校や児相等からの連絡に適時に対応しないことを繰り返し、今後の改善が見込めない。","【積極】
・児相や学校からの連絡に対応しない不適切な言動
・子の意向"
2240,家裁,親権停止,2022-08-29,1,[父],,,,1,[母],,FALSE,1,[子],2013-01-27,9,その他施設,却下,,,,,,,,,,,,,,,,,,,,,,,,,,,,FALSE,FALSE,FALSE,FALSE,FALSE,"【事案】
父母は、申立人である父の未成年者に対する身体的虐待をきっかけに別居し、親権者を母として離婚した。その後未成年者は広汎性発達障害と診断され、家庭内における親権者母への暴言暴力を原因として児相から施設入所の提案を受け、親権者母及び未成年者はこれに同意し、一時保護委託を経て施設入所措置となった。申立人は、親権者母が未成年者を施設に入所させたことをもって、親権者母には監護意思がないなどとして、親権停止審判の申立てをした。
※　児相に対する調査嘱託を実施
　なお、申立人が直近で申し立てていた未成年者の親権者変更申立事件において実施された児相に対する調査嘱託の回答において、申立人の話題に触れることで未成年者が不安定となって施設生活に影響が出る可能性を考慮し、家庭裁判所調査官による未成年者の調査は不適切である旨の指摘あり。
【判断】
未成年者の施設入所の経緯からすれば、未成年者について施設入所が必要であるとした児童相談所の判断は相当であり、これに応じて施設入所させた親権者母の判断が未成年者に対する親権の行使として不適切であるとはいえない。","【消極】
・親権者が施設入所に同意した行為に問題なし"
2250,家裁,親権停止,2023-03-09,1,[母方祖母],,,,1,[母],,FALSE,1,[子],2011-11-29,11,その他施設,親権停止,一定期間,12,,,,,,,,,,,,,,,,,,,,,,,,,,FALSE,FALSE,TRUE,FALSE,FALSE,"【事案】
親権者母は未婚で未成年者を出産し、母方祖父母による監護補助を受ける時期もあったが、同人らとの交流がなくなると、未成年者に必要な医療行為を受けさせることを怠り、結果として未成年者の病状を危険を伴う手術が必要になるほど悪化させた。加えて、独自の考えに基づき未成年者を登校させず、児相の訪問にも一切応答しなかった。また、複数の金銭トラブルを抱え、安定した生活環境の確保もできていない。未成年者は、令和3年12月に、学校教育法違反の疑いで警察が親権者母の滞在先に立ち入った際に、児相に一時保護され、令和4年8月に親権者母の同意のもとで施設入所となった。未成年者は親権者母に親和的。
※　家庭裁判所調査官による子の調査実施
【判断】
親権者母が医療的措置の必要性を適切に理解せずに放置し、今後必要となる医療的措置に適切に対応することは困難と認められること、加えて、未成年者を登校させなかったことや未成年者に安定した生活環境を確保することも十分にできていないことなどの不適切な監護が原因で未成年者の心身の健康や安全が害されたこと、今後も母が継続して児相の指導等に応じることが確実であるといえないことから、親権を１年間停止するのが相当である。","【積極】
・医療ネグレクト
・未成年者を登校させない
・複数の金銭トラブルを抱え、生活環境が不安定
・児相の指導等に応じる見込みが薄い"
2260,家裁,親権停止,2024-08-13,1,[父],,,,1,[母],,FALSE,2,[子A],2010-12-19,14,事件本人,却下,,,,[子B],2014-01-15,10,事件本人,却下,,,,,,,,,,,,,,,,,,,,FALSE,FALSE,FALSE,FALSE,FALSE,"【事案】
別居中の夫婦の一方（申立人）から、親権者母は未成年者らを違法に連れ去ったこと、その後父と面会交流させないことは未成年者らへの心理的虐待であるなどとして申立てた事案。別居以前から長女はリストカットをすることがあり、令和5年9月には、無断欠席をしたことをきっかけに児相に一時保護された。未成年者らはいずれも親権者母に親和し、同人に親権を持ってほしいと希望している。
※　家庭裁判所調査官による子の心情調査実施
【判断】
長女が一時保護に至った経緯は親権者母の監護の不適切さを示すものではなく、リストカットは父母間の紛争が影響しているものである。未成年者らは親権者母との関係に不満を抱いておらず、申立人主張の事情により未成年者らの福祉が害されているということはない。","【消極】
・未成年者らは親権者との関係に不満を抱いておらず、親権停止を望んでいない。"
2270,家裁,親権停止,2023-06-27,1,[母方祖父],,,,1,[母],,FALSE,1,[子],2020-03-07,3,その他施設,却下,,,,,,,,,,,,,,,,,,,,,,,,,,,,FALSE,FALSE,FALSE,FALSE,FALSE,"【事案】
親権者母は未婚で未成年者を出産したが、転職を繰り返し、自宅はごみが散乱した状態になっているなど、その生活状況は安定しているとはいえない。未成年者は令和4年10月には児相に一時保護され、その後親権者母は児相とは連絡を取り合うが、本件審問期日や調査期日には一度も出頭しなかった。児相は調査嘱託に対し、応じることができない旨回答した。
※　児相に対し調査嘱託を実施
【判断】
親権者母との生活状況は安定したものであったとは言い難く、未成年者は児相に一時保護された後、児相の下で保護措置が執られている。他方で、未成年者の通園状況や健康状態に問題があったと認めるに足りる資料はなく、一時保護の経緯も不明であって、虐待行為を認めるに足る資料もない。一時保護後の親権行使状況等も明らかではないが、親権者は児相と連絡を取り合っていると認められ、未成年者の利益を害する具体的な事態が生じているとは認められない。","【積極】
・親権者との生活状況は安定したものではない。

【消極】
・未成年者の健康状態等に問題なし
・虐待行為を認めるに足る資料なし
・親権者は児相と連絡を取り合っている。"
2280,家裁,親権停止,2023-08-08,1,[父],,,,2,[母],[養父],FALSE,1,[子],2005-12-17,17,児童養護施設,親権停止,成人するまで,,,,,,,,,,,,,,,,,,,,,,,,,,,TRUE,FALSE,FALSE,FALSE,FALSE,"【事案】
未成年者は、自ら親権者養父からの暴力等を訴えて、令和5年3月30日に一時保護され、親権者らの同意のもと児童養護施設に入所した。未成年者は親権者らの親権を停止することを希望。
※　家庭裁判所調査官による子の調査実施
【判断】
親権者養父は未成年者に暴力を振るうなどし、親権者母はそれを抑止できておらず、未成年者は自宅に戻ることを希望していないことから、未成年者が成年に達する日まで親権を停止するのが相当。","【積極】
・暴力
・未成年者に対する暴力行為を防止せず
・未成年者（成人が近い年齢）の意向"
2290,家裁,親権停止,2025-06-18,1,[兄],,,,1,[母],,FALSE,1,[子],2009-01-21,16,その他親戚,親権停止,成人するまで,,,,,,,,,,,,,,,,,,,,,,,,,,,FALSE,FALSE,FALSE,TRUE,FALSE,"【事案】
親権者である父母は別居中。親権者父は未成年者らを経済的に支援している。親権者母は、親権者父から婚姻費用の支払を受けていたが、未成年者らには支払がないと伝え、未成年者の高校入学時には制服代や学費等の支払をしないなど、金銭面で未成年者らに負担をかけた。令和6年7月には、兄が母方叔母宅に転居する際、兄及び未成年者の面前で激しく暴れて包丁を持ち出すなどした。未成年者は親権者母の親権を停止することを希望。
※　家庭裁判所調査官による子の調査実施
※　利害関係参加人として親権者父が参加
【判断】
親権者母による未成年者に対する財産管理権の行使が不適切であったことは明らかであり、加えて、兄が自宅を出る際に母が未成年者の面前で包丁を持ち出して自殺の意思を示したことは、未成年者に対する心理的虐待にも該当する。未成年者が現在親権者父からの支援を受けながら母方叔母らと生活し、これを継続することを望んでいることも考慮すれば、未成年者が成年に達する日まで、親権者母の親権を停止するのが相当である。","【積極】
・不適切な財産管理権行使
・未成年者の前での自殺意思の表明（心理的虐待）
・他の親族の元での現在の未成年者の生活が安定
・未成年（成人に近い年齢）者の意向"
2300,家裁,親権停止,2024-09-10,1,[母方祖父],,,,2,[父],[母],FALSE,1,[子],2017-10-24,6,申立人,親権停止,一定期間,24,,,,,,,,,,,,,,,,,,,,,,,,,,FALSE,FALSE,FALSE,FALSE,FALSE,"【事案】
親権者である父母は、祖父母宅に未成年者を残して遠方の自宅に帰宅して未成年者の監護を祖父母に委ねていたところ、祖父母から未成年者の健康保険証等の送付を依頼されてもこれに応じず、未成年者が新型コロナウイルス感染症に罹患した際には祖父母が約１０万円の医療費を負担した。また、親権者として未成年者を小学校に就学させる義務があり、祖父母宅を校区に含む小学校への就学に応じたにもかかわらず、就学のための住民登録の移動又は親権者の承諾等必要な手続に協力しないため、未成年者は小学校卒業資格を取得できないおそれがある。
※　家庭裁判所調査官による調査実施
※　児相への調査嘱託実施
【判断】
未成年者への親権者父からの身体的虐待の有無は判然としない。未成年者は、健康保険証等が手元になく、医療費がかさみ、従前の監護や成長発達の経緯を踏まえた対応を受けられていない。未成年者を小学校に就学させる義務を負う父母が未成年者の小学校入学のための必要な手続に協力しないことは、親権者による親権の行使が不適切であることにより、未成年者の利益を害する場合に該当し、親権を停止する必要がある。","【積極】
・親族宅で生活する未成年者の円滑な監護（就学を含む）等に非協力（実際に未成年者に支障が生じる可能性あり）"
2310,家裁,親権停止,2016-04-07,1,[父],,,,1,[母],,FALSE,1,[子],2009-05-19,6,児童養護施設,却下,,,,,,,,,,,,,,,,,,,,,,,,,,,,TRUE,FALSE,FALSE,FALSE,FALSE,"【事案】
未成年者は親権者母の再婚相手から身体的虐待を受けていたが、親権者母はこれを認識しながら真摯に対応せず、再婚相手から暴行を受けたことについて未成年者を責めたり、未成年者に夕食を食べさせなかったり、平成27年7月には未成年者が大けがをしていたにもかかわらず病院を受診させないなど、虐待と評価されるような行為を繰り返していた。未成年者は、児福法27条１項3号に基づき平成27年7月に児童養護施設に入所した。
【判断】
親権者母は、再婚相手による虐待に真摯に対応せず、自身も虐待と評価することもできる不適切な行為を繰り返していたものと認められる。もっとも、未成年者は現在児福法27条1項3号に基づき児童養護施設に入所しているから、施設の長が未成年者の監護等に関し児童の福祉のために必要な措置をとることができ、この措置は親権者であっても不当に妨げることはできないことなどからすれば、現時点では、親権の行使が不適当であることにより子の利益を害するとまではいうことはできない。","【積極】
・再婚相手からの未成年者に対する身体的虐待を放置
・ネグレクト（医療含む。）

【消極】
・児福法27条1項3号に基づく児童養護施設入所（施設の長が未成年者の看護等に関して児童の福祉のために必要な措置をとることができる。）"
2320,家裁,親権停止,2022-02-04,1,児童相談所長,,,,2,[母],[養父],FALSE,1,[子],2004-08-28,17,病院,親権停止,成人するまで,,,,,,,,,,,,,,,,,,,,,,,,,,,TRUE,FALSE,FALSE,FALSE,TRUE,"【事案】
未成年者は、親権者母が再婚前に母方祖母宅に未成年者を置いて出て行ったことで、5歳から7歳までは児童養護施設で生活した。親権者母が親権者養父と再婚した後、同人らの元に引き取られて以降、親権者養父からの身体的虐待や性的虐待により一時保護が繰り返され、児童養護施設に正式に入所することや、複雑性心的外傷後ストレス障害に伴う希死念慮等から医療保護入院・緊急措置入院（親権者らが入院に同意しなかったため）となることが繰り返された。未成年者は親権停止については決められないとの意向であり、親権者らは親権停止については争わないとした。
※　家庭裁判所調査官による子の調査実施
【判断】
親権者養父は、未成年者への身体的虐待、性的虐待を行ってきたことが認められる。親権者母は、未成年者の幼少期に母方祖母宅に同人を置いて出て行き、親権者養父からの性的虐待が判明した後も同人との同居を継続し、未成年者がこれにより複雑性心的外傷後ストレス障害に罹患しても、適切な医療を受けさせるために必要な権利を行使せず、申立人や医療機関に協力する姿勢にも乏しい。したがって、未成年者が成人に達する日まで親権を停止するのが相当である。","【積極】
・身体的虐待
・性的虐待
・医療ネグレクト

【消極】
・児福法27条1項3号に基づく精神科閉鎖病棟のカメラ付き個室に入院中入所（施設の長が未成年者の看護等に関して児童の福祉のために必要な措置をとることができる。）"
2330,家裁,親権停止,2023-12-19,1,児童相談所長,,,,1,[母],,FALSE,1,[子],2006-02-18,17,寮,親権停止,特定の日付まで,,2024-02-17,,,,,,,,,,,,,,,,,,,,,,,,,FALSE,FALSE,FALSE,FALSE,FALSE,"【事案】
2度目の申立て。前件審判において2年間の親権停止が認められたが、その後も親権者母は児相からの連絡に応じない。未成年者は、親権者母の親権停止を積極的に望むものではないが、反対はしない。
【判断】
未成年者について、補助開始審判の申立てやアルバイトの就労許可など、今後複数の手続が予定されているにもかかわらず、親権者は前件審判以降児相からの連絡に一切応答しない上、本件審判期日にも連絡なく欠席していることを踏まえると、親権者母が未成年者に関する手続のために適切な対応をすることは期待できない。","【積極】
・児童相談所からの連絡に一切応答しない。
（親権停止申立事件の審判期日にも連絡なく不出頭）
　未成年者のために必要な手続に協力する見込みがない。"
2340,家裁,親権停止,2024-02-21,1,[母],,,,2,[父],[養母],FALSE,3,[子A],2010-01-28,14,児童養護施設,却下,,,,[子B],2011-04-22,12,児童養護施設,却下,,,,[子C],2013-08-23,10,児童養護施設,却下,,,,,,,,,,,,TRUE,FALSE,FALSE,FALSE,FALSE,"【事案】
親権者父からの暴力等により、未成年者らは児相に一時保護され（長女については複数回）、その後児福法28条1項に基づき未成年者らを児童養護施設に入所させることを承認する旨の審判がされ、同施設での生活が継続している。
※　家庭裁判所調査官による児相及び児童養護施設並びに子の調査実施
【判断】
親権者父において、未成年者らの同居中、同人らに対する暴力や暴力的な言動などの不適切な関りがあり、親権者らに直ちに未成年者らの監護をさせることは同人らの福祉を害する。また、親権者らは一時保護後も児相の指導に従わず、指導が進まない状況にある。このように、親権者らには親権者として不適切な面があることは否めない。
しかし、現在は親権者らの代理人が間に入って児相とのやりとりを行っており、支援計画に基づいて家庭復帰に向けた環境整備が進行しようとしており、現在、親権者らは児相の指導に従う構えを見せ、児童養護施設での未成年者らの生活を妨害する姿勢は示していない。また、親権者らにおいて、未成年者らに必要な医療行為や教育に関する手続等を理由なく怠るなど未成年者らの利益を害している事情も生じていない。したがって、親権停止をすべきほどに未成年者らの利益を害する事情が顕在化しているとは認められない。","【積極】
・身体的暴力
・児童相談所の指導に従わない

【消極】
・親権者らの代理人が児童相談所との間に入ってやりとりを行い、家庭復帰に向けた環境整備が進行する見込み（児童相談所の指導に従う構えを見せ始めた。）。
・親権者らにおいて、未成年者らに必要な医療行為や教育に関する手続等を理由なく怠るなど未成年者の利益を害している事情が生じていない。"
2350,家裁,親権停止,2025-07-22,1,[姉],,,,1,[母],,FALSE,1,[子],2009-08-28,15,申立人,親権停止,一定期間,24,,,,,,,,,,,,,,,,,,,,,,,,,,FALSE,FALSE,FALSE,FALSE,FALSE,"【事案】
親権者母は、未成年者が7歳のときに同人及び申立人らを亡父のもとに残したまま自宅を出て行き、その後も未成年者との交流はあったものの、日常的な監護養育には関わらなかった。令和5年10月に亡父が死亡した後令和5年12月頃までは、親権者母も度々未成年者らの住居を訪れてその監護に関わったが、令和6年1月以降は未成年者の意向により同人は申立人夫婦と同居し、申立人夫婦に監護養育されている。その後申立人らと親権者母との関係が悪化し、令和5年から令和6年にかけての冬以降未成年者と親権者母は会っていない。未成年者は、積極的に親権者母の親権を停止することを希望しているわけではないが、反対もしていない。
※　家庭裁判所調査官による子の調査実施
【判断】
親権者母はこれまで未成年者の監護養育にほぼ関与していない上、令和5年から令和6年にかけての冬以降会っておらず、同年秋頃以降は連絡もとっていない。未成年者は、令和6年1月以降、申立人夫婦により監護養育されており、同人らとの関係も良好で、その生活状況及び経済状況に問題はなく、現在の生活を継続することを望んでいる。これらの事情からすれば、親権者母が未成年者と同居し、監護養育することは現実的に困難であり、現に未成年者を監護養育する申立人を未成年後見人として指定しなければ、未成年者の社会生活上様々な支障が生じることが予想されることから、親権を2年間停止することが相当である。","【積極】
・未成年者の監護養育への関与がほぼない。
・申立人の元での生活が安定している。
・未成年者本人が現在の生活の継続を希望"
2360,家裁,親権停止,2024-05-30,1,[父],,,,1,[母],,FALSE,2,[子A],2018-06-08,5,事件本人,却下,,,,[子B],2020-07-15,3,事件本人,却下,,,,,,,,,,,,,,,,,,,,FALSE,FALSE,FALSE,FALSE,FALSE,"【事案】
親権者である父母が同居期間中の未成年者らの主たる監護者は親権者母であった。親権者母は、申立人が未成年者らを連れて自宅を出る前に長女に対して不適切な言動をとった。別居後、親権者母は同人を未成年者らの監護者と指定し、未成年者らを引き渡すことを求める審判を申し立て、令和5年9月に親権者母の同申立てを認める内容の抗告審決定がされた。しかし、申立人は未成年者らの引き渡しに応じず、転居して現在の居住先を一切明らかにしない。親権者母が令和4年に別途申し立てていた面会交流調停事件において実施された試行的面会交流では、親権者母と未成年者らの交流状況に、未成年者らの福祉上問題となるような点は確認されず、同年10月から前記抗告審決定が出される前まで親権者母と未成年者らとの面会交流が実施されていたが、その関係性に問題はうかがわれなかった。前記抗告審決定後、面会交流は実施されていない。
【判断】
申立人が主張する親権者母の長女に対する虐待に関する事情は、いずれも親権者である父母が同居していた頃のものであり、前記抗告審決定は、これを前提に、親権者母の長女に対する不適切な言動が長女に及ぼした悪影響が限定的なものにとどまる旨判示しているのであって、前記抗告審決定前まで実施されていた面会交流状況からしても、長女と親権者母との関係性に問題はうかがわれない。申立人が長女のＰＴＳＤを裏付ける資料として提出した医師の診断書、臨床心理士の意見書等、保育園の教諭の陳述書等は、いずれも親権者母の関与なく、申立人からの一方的な情報に基づき作成されたもので、その作成に当たり前記面会交流状況等前記抗告審決定に至る経過を何ら踏まえていないこと、前記意見書等における長女の不安定かつ親権者母への拒否的言動は、申立人が前記抗告審決定に従わず長女を紛争に巻き込んだ影響による可能性も否定できないことから、いずれもその信用性および評価には疑問が残るものと言わざるを得ない。","【消極】
・父母同居中に未成年者に対する不適切な言動はあったが、その後の面会交流において親権者と未成年者の関係性に問題なし
・未成年者のPTSDを裏付ける資料は申立人の一方的な情報に基づき作成されているなど、信用性及び評価に疑問が残る。"
2370,家裁,親権停止,2021-04-28,1,未成年者本人,,,,1,[母],,FALSE,1,[子],2001-10-11,19,児童自立支援施設,親権停止,成人するまで,,,,,,,,,,,,,,,,,,,,,,,,,,,FALSE,FALSE,FALSE,FALSE,FALSE,"【事案】
未成年者（申立人）は、幼い頃から父母による身体的暴力を伴う不適切な養育を受け、そのために、その発達や社会性に問題を抱え、平成25年には児童自立支援施設に入所した。その後、平成29年3月に施設を退所して親権者母と同居して生活するようになったが、就労先や高校で様々なトラブルを生じさせ、家庭裁判所により保護観察処分も受けた。そのような未成年者に対し、親権者母は、その問題性を十分に理解した適切な関りをせず、未成年者の行動の改善のために、ルールを守らない場合にペナルティを課すことによって問題の改善を図ろうとするなどした。申立人は、令和2年7月に親権者母の再婚相手と口論になり家出し、児童自立支援施設に保護を求めた。
【判断】
未成年者の問題性は、父母による幼少期の養育の在り方に根ざしたものであり、親権者母としては、自らの養育の在り方を見直した上で、未成年者の問題性を十分に理解した適切な関りをすることが求められていたとうべきであるが、これまでの親権者母の関わりは適切さを欠くものであったとの評価を免れない。そして、本件手続を経ても、これが改善される様子がない。したがって、その親権行使が不適当であることにより、未成年者の利益を害するものというべきである。","【積極】
・身体的暴力を伴う不適切な教育
・未成年者が抱える問題性の不理解
・上記問題性が改善される様子がない"
2380,家裁,親権停止,2022-03-04,1,児童相談所長,,,,1,[母],,FALSE,1,[子],2020-04-01,1,乳児院,親権停止,一定期間,24,,,,,,,,,,,,,,,,,,,,,,,,,,FALSE,TRUE,FALSE,FALSE,FALSE,"【事案】
親権者母は、未成年者を妊娠後、病院を受診することなく自宅で出産した。出産から3日後に受診した病院からの通告で、未成年者は児相に一時保護され、その後親権者母の同意により乳児院に入所した。親権者母は、令和2年10月の児相職員との面談後、自宅から退去して行方不明となった。
【判断】
前記事案の経緯からすれば、親権者母による親権行使は、不適当であることにより、未成年者の利益を害するものというべきである。","【積極】
・ネグレクト
・親権者が、未成年者を乳児院に入所させたまま、行方不明"
2391,家裁,親権停止,2024-03-12,1,児童相談所長,,,,1,[母],,FALSE,1,[子],2008-04-02,16,児童自立支援施設,親権停止,,,,,,,,,,,,,,,,,,,,,,,,,,,,FALSE,FALSE,TRUE,FALSE,FALSE,"【事案】
未成年者は、1歳の頃から何度か短期の里親委託を受けたり複数回一時保護されるなどし、不安定な養育環境で成育した。未成年者は、小学校の頃から、他人に対して暴力を振るうなどの問題行動を繰り返し、児相や医師から母に対して、未成年者について服薬治療等の必要性があること等が説明されたが、親権者母は服薬治療を拒否し、その態度は令和元年以降2度の親権停止審判を受けても変わらなかった。母は、本件事件の審問期日に出頭せず、調査官調査にも応じない。
【判断】
未成年者は、前回の親権停止審判以降服薬治療や特性に応じた指導及び支援により落ち着いた生活ができているが、感情統制や対人関係上の課題が残っており、引き続き投薬治療や特性に応じた指導及び支援が必要である。他方、親権者母は、服薬治療に同意するには至らず、児相と連携して未成年者の治療や支援に取り組む姿勢は見られない。これらのことからすれば、親権を親権者母が行使することとなった場合、未成年者の服薬治療や特性に応じた指導及び支援が得られなくなる可能性が高く、未成年者の利益を害することになるため、親権者母の親権を停止する必要があると認められる。
※保全申立てあり。","【積極】
・医療ネグレクト
・親権者の治療等に対する姿勢に改善なし"
2401,家裁,親権停止,2022-09-02,1,[母方祖母],,,,1,[母],,FALSE,1,[子],2011-01-05,11,申立人,却下,,,,,,,,,,,,,,,,,,,,,,,,,,,,FALSE,TRUE,FALSE,FALSE,FALSE,"【事案】
未成年者は、0歳から1歳の頃、精神的に不安定な状態の親権者母から身体的虐待を受け、また、8歳頃には親権者母の結婚相手から性的虐待を受けた。親権者母は、結婚相手の未成年者に対する性的虐待が明らかになった後、結婚相手を逮捕してもらおうと、申立人宅に未成年者を預けて他県に赴き、そのまま他県で生活保護を受給して生活するようになった。親権者母は、平成11年以降現在に至るまで、精神科への入退院を繰り返している。未成年者は、親権者母に会いたくなく、申立人宅での生活を継続したいとの意向を示した。
※　家庭裁判所調査官による子の調査実施
【判断】
親権者母が、未成年者に対して安定した監護環境を提供できず、結婚相手からの性的虐待を未然に防止することができなかったこと、当該性的虐待を認識して以降未成年者の監護を申立人らに任せて、およそ合理性、計画性が認められない行動を繰り返していることが認められる。しかし、未成年者は現在親権者母の下で生活しているわけではなく、申立人らの下で安定した生活をしていることからすると、現時点において親権者母は、未成年者に対し、親権の行使として不適切な行動を直接に行っているとは認められない。その他、現時点において親権者母の親権を停止しなければ未成年者の福祉が害される事情は存在しない。","【積極】
・ネグレクト
・身体的虐待
・自身の結婚相手からの性的虐待の事実を把握しながら防止できず

【消極】
・未成年者は申立人らの下で安定した生活を送っている。
（未成年者に対して親権の行使として不適切な行動を直接行っているとは認められない。）"
2402,高裁,親権停止,2023-03-31,1,[母方祖母],,,,1,[母],,FALSE,1,[子],2011-01-05,12,申立人,親権停止,一定期間,24,,,,,,,,,,,,,,,,,,,,,,,,,,FALSE,TRUE,FALSE,TRUE,FALSE,"【事案】2401の抗告審。未成年者が利害関係参加。
【判断】
親権者母には、入院や逮捕などにより未成年者を監護することができなかったことが度々あったほか、自身による心理的虐待や、結婚相手による性的虐待を招来する要因となった不適切な対応があったと認められる。また、これまでの監護状況、親権者母の精神障害の内容や程度に照らすと、親権者母が子の福祉に添って未成年者の今後の監護を適切かつ安定的に行うことは期待できない。未成年者は、申立人らの下で安定した生活を送っており、現在の生活を継続したいという意向を示している。県外に住む親権者母の下で生活することになれば、適切な監護が期待できない上、未成年者の日常生活や学校生活も大きな影響を受ける。さらに、現時点において未成年者が親権者母に信頼感や安心感が持てず、会いたくないなどと述べていること、親権者母にはこれまでの自身の監護を適切に振り返り、未成年者の気持ちを理解しようとする姿勢が見られないことなどから、現時点で一緒に暮らすことは親子の適切な再統合の妨げとなり、未成年者の福祉に反する。以上のことから、親権者母の親権を2年間停止することが相当である。","【積極】
・ネグレクト
・心理的虐待
・自身の結婚相手からの性的虐待を招来する要因となる不適切な対応あり
・未成年者は申立人らの下で安定した生活を送っている。
・未成年者は現在の生活の継続を希望。親権者に対する拒否的言動あり
・親権者に改善の姿勢が見られない。"
2410,家裁,親権停止,2020-06-08,1,児童相談所長,,,,2,[母],[養父],FALSE,1,[子],2003-05-27,17,一時保護,親権停止,成人するまで,,,,,,,,,,,,,,,,,,,,,,,,,,,FALSE,FALSE,FALSE,FALSE,FALSE,"【事案】
親権者母は精神的疾患を患っており、未成年者やそのきょうだいを養育することが困難であったため、未成年者らは平成22年に児童養護施設に入所した。親権者母は養父と再婚し、同人らは未成年者らを引き取ったが、毎日のように未成年者らが学校から帰る前に外出するなどしたため、未成年者らは食事の用意や掃除洗濯等の家事をし、アルバイト代で食費等を賄うなどしていた。令和元年に、親権者養父から児相に対し、未成年者を預けたいと申し入れがあり、同人は一時保護中である。
【判断】
前記経緯から、親権者らによる未成年者の監護は著しく不十分、不適切というほかなく、これにより子の利益を害すると認められることから、親権を未成年者が成人するまで停止することが相当である。","【積極】
・未成年者らの監護養育が著しく不十分、不適切（未成年者自身が家事や食費等の調達等を行うなどしていた。）
・親権者が自相に対して未成年者を預けたいと申し入れた。"
2420,家裁,親権停止,2019-09-20,1,児童相談所長,,,,1,[父],,FALSE,1,[子],2001-05-19,18,寮,親権停止,成人するまで,,,,,,,,,,,,,,,,,,,,,,,,,,,FALSE,TRUE,FALSE,FALSE,FALSE,"【事案】
平成24年に親権者父が未成年者を虐待しているとして、児福法28条1項に基づき未成年者を施設入所させることについて承認する審判がされ、これ以降未成年者と親権者父の交流はない。親権者父は未成年者と関わり合いを持とうとする姿勢を示していないところ、未成年者の通学する学校は、令和元年6月に未成年者の委託措置が解除された後に適切な保護者が不在となることを理由に、同人の通学を認めなかった。親権者父は本件事件の審問期日にも出頭しない。未成年者は親権者父の親権を停止することに賛成している。
※　家庭裁判所調査官による子の調査実施
【判断】
前記経緯によれば、親権者父は、未成年者に対する親権を適切に行使しておらず、また、未成年者は高校に通学するため適切な保護者が必要であるところ、親権者父が親権を行使する様子はなく、他方親権を辞任することもしない。したがって、親権者父の親権を未成年者が成年に達する日の前日まで停止することが相当である。","【積極】
・虐待による施設入所
・未成年者と関わりを持っておらず、今後も関わる意向がない。
・親権者の態度により、未成年者の高校への通学に支障が生じている。
・未成年者が親権停止に賛成"
2430,家裁,親権停止,2020-12-25,1,未成年者本人,,,,1,[母],,TRUE,1,[子],2002-08-19,18,秘匿,親権停止,成人するまで,,,,,,,,,,,,,,,,,,,,,,,,,,,FALSE,FALSE,FALSE,FALSE,FALSE,"【事案】
未成年者の親権者は、親権者母と養父である。未成年者は、令和2年8月に兵庫に遊びに行っていたところ、親権者である母と養父から帰宅を拒まれたため、そのまま家を出た。親権者母は、本件手続において、親権停止について異議はなく、未成年者とは今後関わるつもりもない旨回答した。
※　家事事件手続法23条1項に基づき未成年者に手続代理人を選任
【判断】
親権者母は、未成年者に対する親権を同人の利益のために行使する意思を有していないことが明らかであるため、その余の未成年者及び親権者母の主張を検討するまでもなく、親権者母による親権の行使を停止すべき事情があると認められる。そして、親権停止の原因が未成年者が成人（20歳）に達するまで消滅することは見込まれない。","【積極】
・未成年者の帰宅を拒み、同人と今後関わるつもりがない。"
2440,家裁,親権停止,2020-12-25,1,未成年者本人,,,,1,[養父],,TRUE,1,[子],2002-08-19,18,秘匿,親権停止,成人するまで,,,,,,,,,,,,,,,,,,,,,,,,,,,FALSE,FALSE,FALSE,FALSE,FALSE,"【事案】2430の事案の未成年者のもう一人の親権者である養父の親権停止事案
事実経過は43の事案と同じ。親権者養父は、本件手続において、親権停止について異議はないが、未成年者については嘘や被害妄想が多すぎる点があるため、よく調べた方がいいと思いますと回答した。
※　家事事件手続法23条1項に基づき未成年者に手続代理人を選任
【判断】
親権者養父は、未成年者に対する親権を同人の利益のために行使する意思を有していないことが明らかであるため、その余の未成年者及び親権者養父の主張を検討するまでもなく、親権者養父による親権の行使を停止すべき事情があると認められる。そして、親権停止の原因が未成年者が成人（20歳）に達するまで消滅することは見込まれない。","【積極】
・未成年者の帰宅を拒み、同人と今後関わるつもりがない。"
2460,家裁,親権停止,2022-05-31,1,未成年者本人,,,,1,[母],,FALSE,1,[子],2005-12-28,16,一時保護,親権停止,成人するまで,,,,,,,,,,,,,,,,,,,,,,,,,,,FALSE,FALSE,FALSE,FALSE,TRUE,"【事案】母の交際相手と同居を開始した小６頃から、未成年者は性的虐待を受け、母も暴力を受けていたが、母は未成年者に別れてほしい、交際相手を止めてほしいと言われても対応しなかった。未成年者が自ら求めて一時保護された後、交際相手は監護者性交等罪で実刑判決を受けたが、その公判で母は未成年者が嘘をついており、わいせつ行為はなかった旨証言し、損害賠償命令申立てにも同意できない旨述べた（公判係属中に母と交際相手は婚姻した。）。
【判断】親権の行使が不適当であることにより子の利益を害することは明らかである。","【積極】
・未成年者への性的虐待等をした交際相手を未成年者より優先する態度が顕著"
2470,家裁,親権停止,2023-06-30,1,[母方祖父],,,,1,[母],,FALSE,1,[子],2009-06-30,14,申立人,却下,,,,,,,,,,,,,,,,,,,,,,,,,,,,FALSE,FALSE,FALSE,FALSE,FALSE,"【事案】母方祖父母は、母の契約住居で母及び未成年者と同居するなどして監護を手伝っていたところ、母と男性（申立て時点では母と婚姻中）との交際をめぐって喧嘩が頻発するようになった。未成年者が一緒に行くことを拒否したため、母は単独で退去後、母方祖父母に退去を求めた。申立人は、未成年者が母と男性の交際に嫌悪感を示していること等を理由に親権の行使が困難又は不適当と主張。
【判断】母の交際開始後、未成年者との関係は必ずしも良好でなく、未成年者も自分より交際相手を大事にしていると感じたなどと述べるが、それだけで親権の行使等に問題があるとは認められない。様々な問題の発端は母と男性との交際で、母が非難されるような事柄ではないものの、未成年者の心情等にも配慮して丁寧に解決すべきだったが、母方祖父母と母との対立に巻き込まれるなどしたことで、負の感情を増大させたことがうかがわれる。現在の状況は親権の行使に支障が生じていることは明らかだが、母と申立人らとの対立が原因で事実上親権の行使が困難になっているのであり、親権の行使が不適当であるなど親権を停止すべき事情はない。","【積極】
・未成年者の意向、未成年者と母との関係が良好でない
【消極】
・未成年者の母への負の感情は、申立人らと母の対立に巻き込まれ、申立人らの母への言動も影響
・親権行使が困難になっているのは、母と申立人らとの対立によるもの"
2480,家裁,親権停止,2023-11-15,1,[父],,,,2,[母],[養父],TRUE,1,[子],2008-04-23,15,一時保護,却下,,,,,,,,,,,,,,,,,,,,,,,,,,,,FALSE,FALSE,FALSE,TRUE,FALSE,"【事案】未成年者は小４時に母から妹が叱責され夜間の山中に置いて行かれようとする様子をみて、母に恐怖心を抱き、自分の意見を言えなくなった。母と養父との交際等を嫌と言えず、自分が大事にされていると感じられずに自傷行為等を行うようになり、解離性障害の診断を受けた。未成年者は、母らに知らせず父宅に行き、警察に自宅か児相かを選ぶように言われ、一時保護された。父は、母が進学先に同意しないこと、虐待行為が繰り返されて母に恐怖心を抱いていること、未成年者が親権を停止し、父と暮らすことを希望していること等から、親権を停止すべきと主張。
※　未成年者の手続代理人弁護士あり
【判断】未成年者が母らを拒絶し、父との生活を望む気持ちは非常に強く、母の監護、養育に行き過ぎや配慮に欠けた点があったことはうかがえるが、親権を停止しなければならないほど不適当な行為があったとまでは認められない。進学等につき、母らの考えが未成年者の意向に合致しないことも、母らなりに心配する気持ちで、合理的な理由なく異なる意見を述べていると認められない。未成年者の意向を正しく理解し、それを汲むことは大切だが、結果的に未成年者の意向と異なる意見になったことから直ちに親権の行使が不適当と評価されるものではない。","【積極】
・未成年者の意向
・母の監護に行き過ぎ、配慮不足
【消極】
・父母と未成年者との意見が合致しないのは、父母なりに心配する気持ちによるもの"
2490,家裁,親権停止,2025-03-14,1,[父],,,,1,[母],,FALSE,1,[子],2011-07-15,13,事件本人,却下,,,,,,,,,,,,,,,,,,,,,,,,,,,,FALSE,FALSE,FALSE,FALSE,FALSE,"【事案】父母は別居中。R2の面会交流審判で２か月に１回６時間程度の直接交流が定められたが、R4以降は面会交流は実施されず。母は、父が未成年者の希望や予定を聞き入れずに面会交流を権利と主張し、未成年者が面会交流を拒否するようになったと主張。父は、母が面会交流に応じないことなどを理由に親権停止を求めた。
【判断】審判で決められた面会交流に応じないことが親権を停止するまでの事情とはいえない。そのほか同居義務違反や長女を連れ去り居所を隠しているなどの主張は、いずれも申立人と母との紛争に関わるもので、親権行使の不適切さを基礎付ける事情ではない。","【消極】
・申立人の主張は、いずれも申立人と母との紛争に関わるもの"
2500,家裁,親権停止,2024-05-27,1,児童相談所長,,,,1,[母],,FALSE,1,[子],2008-09-11,15,里親,親権停止,一定期間,24,,,,,,,,,,,,,,,,,,,,,,,,,,FALSE,FALSE,FALSE,FALSE,FALSE,"【事案】２回目の親権停止。前件時、母及び未成年者は共謀して覚醒剤を使用したとして、母は執行猶予付有罪判決を受け、未成年者は児童通告がされ、親権停止がされた。母は審問に出頭せず。
【判断】母は、前件時に未成年者を犯罪に加担させるなどし、その後同種犯罪に及んだとは認められないが、依然として睡眠薬の多量接種などの不安定な様子がある。未成年者は母が親権者になってもよいが、今後も里親宅から学校に通うことを望んでいることなどから、母による親権の行使は依然として不適当である。","【積極】
・前件後も母に不安定な様子
・未成年者の生活状況も不安定
・未成年者の意向"
2510,家裁,親権停止,2023-06-21,1,児童相談所長,,,,1,[母],,FALSE,1,[子],2008-10-19,14,里親,親権停止,一定期間,24,,,,,,,,,,,,,,,,,,,,,,,,,,TRUE,FALSE,FALSE,FALSE,FALSE,"【事案】2度目の申立て。1度目は未成年者が塾に行かないと箒の柄で叩くなど、小５から痕が残るほどの暴行を度々加え、未成年者も帰宅を拒否しており、再発のおそれ、未成年者の意向を無視した手紙の送付や元養父の接し方に問題があったことを否定したことなどから2年間の親権停止。その後、母は未成年者との面談を強く求め続けたが、いまだ直接交流は行われていない。
【判断】母は、児相が示した援助計画を受け入れず、いまだ養育の問題点の振り返りができていない。未成年者も親権者の手紙への返事すらできておらず、同居時の影響が強く残っている。未成年者にとって安心できる適切な親子関係の構築ができておらず、母に親権が戻れば、未成年者の意思を尊重しない行動をとり、安定した生活が脅かされるおそれが依然としてあること、未成年者が親権者と暮らすことは考えられない旨の意向を述べたことから、親権の行使は依然として困難又は不適当であり、関係改善にはなお相当の期間を要する。","【積極】
・前件後、援助計画でも定められた、養育の問題点の振り返り等ができていない
・未成年者に母との同居時の影響が強く残っている
・未成年者の意向"
2521,家裁,親権停止,2022-01-31,2,[母方祖父],[母方祖母],,,1,[父],,FALSE,1,[子],2015-05-13,6,申立人,却下,,,,,,,,,,,,,,,,,,,,,,,,,,,,FALSE,FALSE,FALSE,FALSE,FALSE,"【事案】父は単身赴任が長く、母及び母方祖父母が監護を担っていたが、母は転職に起因して不安障害等になり、治療方針をめぐって父と申立人らの関係が悪化。母の死去後、母方祖父母が監護者指定の調停、父が子の引渡しの審判を申し立てた。未成年者は子の引渡し事件で調査官に対し、母方祖父母の自宅にいたいと述べ、父に対する否定的なエピソードを述べた。母方祖父母は、父が未成年者の意思を尊重していない、心理的虐待があったなどと主張。
【判断】父は、単身赴任期間中も含めて未成年者と交流しており、父子関係や予定している監護態勢に特段の問題はない。父が、申立人らが任意の引渡しに応じなかったために調停及び審判を起こしたことに不相当な点はなく、調停中に未成年者の住民票を異動したことは紛争を助長するものではあったが、この一事をもって親権の行使が不適当とまでは言い難い。未成年者の面前で母を怒鳴ったことにつき未成年者への影響は軽視できないが、母の治療方針をめぐって関係が悪化していた状況下で、父のみに責めを負わせるような評価をするのは相当ではない。
　※　保全事件も同様に却下（52-3）","【積極】
・未成年者の意向
・申立人らと父との紛争を助長する行動
【消極】
・父は従前から未成年者と交流し、父子関係に問題なし
・父の監護態勢に問題なし"
2522,高裁,親権停止,2022-03-28,2,[母方祖父],[母方祖母],,,1,[父],,FALSE,1,[子],2015-05-13,6,申立人,却下,,,,,,,,,,,,,,,,,,,,,,,,,,,,FALSE,FALSE,FALSE,FALSE,FALSE,"【判断】父の希望により面会交流が行われていないことは、未成年者の心理的負担を懸念し、心情に配慮した結果であり、適格性を疑わせる事情にはならない。子の引渡しの審判等を申し立てたことについて、裁判制度の利用を不当に制限する結果とならないよう慎重な配慮を要することは当然であり、本件の経過に照らせば、親権の行使として不適当とはいえない。
　※　52-1の保全の抗告も同様に棄却（52-4）","【消極】
・未成年者の心情に配慮して、面会交流の実施を希望せず"
2530,家裁,親権停止,2022-02-25,1,児童相談所長,,,,1,[母],,FALSE,1,[子],2007-04-08,14,事件本人,親権停止,一定期間,10,,,,,,,,,,,,,,,,,,,,,,,,,,FALSE,FALSE,TRUE,FALSE,FALSE,"【事案】未成年者は、R4.1.21に急性リンパ性白血病等の診断を受け、継続的な輸血を行わなかった場合は心不全で数日内に死に至ることが予想される状態となったが、母は信条を理由に輸血に同意しなかった。R4.1.24に本件及びその保全処分が申し立てられ、裁判所は同日に保全処分を発した。輸血により当座の生命の危機は脱したが、今後も根本治療のため約６か月の入院を要し、その間は輸血が必要となるが、この病気の患者のほとんどは退院後は輸血不要のまま過ごしており、主治医は輸血が必要となる期間を入院期間に若干の余裕を見込んでも８か月以内と意見を述べた。
【判断】母は宗教上の理由で輸血に同意を与えることができずにおり、親権の行使が困難又は不適当であることにより子の利益を害する状況がある。停止の期間は、今後の治療期間のほか、治療終了後における輸血の必要性の見極めるために必要な余裕も見て、１０か月と定める。","【積極】
・宗教上の理由で疾患治療に必要な輸血に同意せず"
2540,家裁,親権停止,2023-12-15,1,児童相談所長,,,,2,[父],[母],FALSE,1,[子],2012-05-10,11,一時保護,親権停止,一定期間,24,,,,,,,,,,,,,,,,,,,,,,,,,,TRUE,FALSE,FALSE,FALSE,FALSE,"【事案】未成年者及び父は韓国籍であり、通則法３２条により準拠法は韓国法。韓国法上、同意に代わる裁判等によって子の福利を十分に保護することができない場合にのみ、父母が親権を濫用して子の福利を顕著に害する又は害するおそれがあるときに親権の喪失又は一時停止を定めることができる（韓国民法９２２条の２、９２４条、９２４条の２第２項）。
R2から身体的虐待の通告が繰り返され、行政による働きかけにも父母の対応は拒否的で、具体的介入は実現せず。R4.4からは学校を欠席し、安否確認もできなかった。母は、R4.8に育てられないとして祖母に未成年者を託した後、無関係の事情で祖母と喧嘩になり、未成年者を連れて帰ろうとしたが、未成年者及び祖母が拒否。祖母が児相に相談して一時保護がされ、未成年者は両親からの暴力を訴えた。児相は祖母宅に戻す形で調整を試みたが、父母間でも意思統一ができず、児相に注文や難癖をつけるなどしたことを受け、未成年者の生活への介入に対処するため本件を申し立てた。
【判断】母は継続的に暴力をふるい、父はこれを黙認し、R4.4からは通学をさせず、R4.8からは養育そのものを放棄し、父母それぞれ親権を濫用して子の福利を顕著に害してきた。このような状況で同意に代わる裁判その他の措置で福利を十分に保護できないことは明らか。一時停止の期間は、長期間の虐待による悪影響が強く現れている未成年者の状況や意向、一時保護中であるという養育状況、両親が指導に従って養育態度を適切なものに改める見込みが乏しいことなどを考慮し、２年と定める。","【積極】
・母の継続的な暴力と父によるその黙認
・未成年者を通学させず、養育を放棄"
2550,家裁,親権停止,2025-02-20,1,[母方祖母],,,,1,[母],,FALSE,1,[子],2021-08-01,3,申立人,親権停止,一定期間,24,,,,,,,,,,,,,,,,,,,,,,,,,,FALSE,TRUE,FALSE,FALSE,FALSE,"【事案】２度目の申立て。前件時は、未成年者の身体に湿疹が見られ、体重の増加が芳しくなかったことから、母の同意で施設入所措置による乳児院への入所となった後、祖母が引き取るとして親権停止を申し立てたが、母は応答せず、２年間の親権停止がされた。
【判断】母の生活実態は判然とせず、生活状況も相当不安定であり、親族や児相の連絡や裁判所の手続にも対応しようとしない。母は、未成年者のもとを訪れて触れ合ったり、生活状況を確認したりしようとする様子もない。母のこのような現状で適切な監護養育は期待できず、未成年者の利益を害するおそれが高い。","【積極】
・母の生活実態が不明で裁判所にも応答せず、生活状況は相当不安定
・母と未成年者との交流なし"
2560,家裁,親権停止,2023-05-15,1,児童相談所長,,,,1,[父],,FALSE,1,[子],2006-09-01,16,一時保護,親権停止,成人するまで,,,,,,,,,,,,,,,,,,,,,,,,,,,TRUE,FALSE,FALSE,FALSE,FALSE,"【事案】父の再婚相手はH25から暴力を繰り返し、父と共に、愛情があって叱っているのに伝わらないなどとして未成年者を児童養護施設に入所させたことがあった。再婚相手は高校に行かずに就職するよう求め、未成年者に食事をさせずに仕事を探させるなどし、祖父母宅に家出した未成年者を父と共に連れ戻そうとしたため、祖父母が通報し、一時保護された。未成年者は、調査官に、父は再婚相手から怒られるのが嫌で、未成年者を殴ったり、文句を言ったりしていて、今後高校進学に賛成したとしても信用できない、進学等の手続きをしやすくなるので、親権停止してほしい旨述べた。
　※　未成年者の意向調査を実施。
【判断】父は、再婚相手と共に、暴力を伴う叱責をし、家出を選ばざるを得ない状況に追い込み、安心して安定した生活を送ることを困難にしたほか、進路選択について未成年者より再婚相手の意向を気にして、就職を強要するなどして高校受験をできなくさせた。父が児相の指導等に応じて監護態勢を協力して構築することは期待し難い。父による親権行使は、未成年の健全な成長や意思決定を阻害し、不適当である。","【積極】
・暴力を伴う叱責等により家出を選ばざるを得なくした
・進路選択に関する意思決定を阻害
・児相の指導に従う姿勢なし"
2570,家裁,親権停止,2023-09-20,1,児童相談所長,,,,2,[父],[母],FALSE,1,[子],2020-04-16,3,その他施設,親権停止,一定期間,24,,,,,,,,,,,,,,,,,,,,,,,,,,FALSE,FALSE,TRUE,FALSE,FALSE,"【事案】２回目の申立て。前件時は、父母宅が不衛生な状態で、児童虐待の恐れがあるとして一時保護された後、父母が先天性の難病を有していた未成年者の予防接種や緊急時の医療措置の事前同意に応じなかったため、親権停止がされた。前件後、父母は、児相との面談に児相の対応の市政調査として市議の同席を求めて拒否されたため、面談の実施を拒んだ。父母は審問で、医療ミスを隠すために未成年者を返そうとしていない、未成年者を自宅に引き取った後、専門医に改めて診断してもらい、医療的措置の要否を相談したいなどと述べた。
【判断】未成年者は予防接種や医療機関と連携しつつ衛生的で安全な環境下で食事介助等を受ける必要があり、福祉的支援を継続的に受けることが不可欠であるが、父母が児相と協力して監護態勢を構築することは期待し難い。また、これまで予防接種や医療措置の事前同意に応じてこなかったこと等からすれば、児相以外の機関とであれば、未成年者の福祉を優先し、連携を適切に図っていくことができるとも認め難い。","【積極】
・未成年者には医療機関との連携や福祉的支援が必要
・児相や関係機関と協力する姿勢がない
・予防接種の同意等に応じず"
2580,家裁,親権停止,2024-08-26,1,児童相談所長,,,,1,[母],,FALSE,1,[子],2009-03-21,15,一時保護,親権停止,一定期間,24,,,,,,,,,,,,,,,,,,,,,,,,,,TRUE,FALSE,FALSE,TRUE,FALSE,"【事案】母は中学校に監視されているなどと頻繁に申入れを行い、未成年者も、後で叩かれること等をおそれ、母に合わせた言動をしていたが、夏休み中ずっと叱られ、叩かれていたなどと学校に相談し、一時保護された。母は過去にうつ病と診断されたことがあり、当時は通院等をしていなかったところ、児相は母に受診を促したが、母は病気ではない、精神科で通院は必要ないと言われたなどと述べた。児相は、高校入学手続のため、本件及び保全を申し立て、R6.3.28に保全処分がされた。
　※　未成年者の意向調査を実施
【判断】母は暴力や暴言を否定するが、一時保護時の写真のひっかき傷、未成年者が調査官や関係機関に暴力等を具体的に説明し、医学判定書等でも心理的影響が認定されたことなどから、未成年者の説明は信用できる。また、母が病気でないとの主張も、その裏付けはなく、仮にそのような診断を受けていたとしても、実際の経緯と異なる説明を前提に受けた診断等をもって症状がないとは認められない。
　母は、自己の認識をもとに中学校に頻繁な申入れをし、未成年者が自分の意向が沿わないときは叱り、暴力を繰り返すなどしたことで、無気力、不安等の症状が生じていた。母は未成年者が求めるなら精神科を受診し、高校入学に関する意向を尊重する旨述べるが、病気や暴力等を否定し、児相に不信感を示していることも踏まえれば、児相や学校等と協力して、未成年者の意向を尊重しながら、監護態勢を構築できるとは考え難い。","【積極】
・母の言動により未成年者に無気力等の症状が生じている
・母が精神科等の受診拒絶
・児相等と協力する姿勢がない"
2590,家裁,親権停止,2024-09-19,1,[父方祖母],,,,1,[母],,FALSE,1,[子],,2,里親,親権停止,一定期間,24,,,,,,,,,,,,,,,,,,,,,,,,,,FALSE,TRUE,FALSE,FALSE,FALSE,"【事案】母は未成年者らを置いて夜中に遊びに行く、過大な借金をするなどしていたが、父の死後、未成年者らを置いて行方不明となり、後日、母方祖母に「子供を捨てます」と連絡した。母方祖母は、未成年者らを児相に預け、里親委託等がされた。父方祖母は未成年者らの後見人となって監護養育することを希望し、母方祖母も反対していないが、児相からは親権者等でないために現状の十分な説明を受けられていない。
【判断】母は、未成年者らの監護養育を他者に丸投げするような態度がうかがわれ、裁判所の連絡にも反応を示さず未成年者との関わりに消極的な姿勢を示しており、親子再統合のめどは立っていないし、今後、自己の利益のため親権を恣意的に行使する懸念も否定できない。母の態度、行動傾向、環境等から見て、親権に基づく身上監護及び財産管理の権限の適切な行使を期待し難い状態であり、解消のめども立たない。","【積極】
・親族や児相との連絡に消極的で、監護養育を丸投げする態度
・生活状況が不安定
・裁判所の連絡に応答せず、未成年者との関わりに消極的
・未成年者の相続した遺産が費消されるおそれ"
2600,家裁,親権停止,2024-12-16,2,[母方祖父],[母方祖母],,,1,[母],,FALSE,2,[子A],2021-01-05,3,一時保護,親権停止,一定期間,12,,[子B],2023-02-14,1,一時保護,親権停止,一定期間,12,,,,,,,,,,,,,,,,,,FALSE,TRUE,FALSE,FALSE,FALSE,"【事案】母は、母方祖父母に監護を任せ、仕事で忙しいから施設にでも預ければよいなどと述べ、諭そうとする母方祖父母と対立。母は一人で実家から転居し、夜間は実家で未成年者らと寝る約束も守らず連絡も途絶えがちとなった。母方祖父母がNeglectとして警察等に相談すると、母は未成年者の引渡しを求めて暴れ、母方祖母が負傷し、警察に通報して一時保護された。母は児相での未成年者らとの週１回の面接を継続しているが、母方祖父母と未成年者らとの面会の機会を設けることは拒んでいる。未成年者らは、一時保護の外出中に母方祖母と偶然出会った際、母方祖父母の家に帰りたいと訴えた。
【判断】母は、自分の都合を優先して監護を母方祖父母に任せきりにする一方、忠告に耳を貸さず、未成年者の心情に配慮する姿勢にも乏しい。生活基盤は不安定で、受入れ環境を整えるまでは相当期間を要し、このような事態に陥った原因を母方祖父母に転嫁して自己の言動を顧みない態度を維持しており、不適切な言動を改めるためにも相当期間を要する。母が未成年者らを引き取った場合、監護養育は困難であり、母方祖父母の関与を拒んで未成年者らを囲い込み、更に状況を悪化させるおそれがある。母は児童相談所と面接を継続しており、取り組み方次第では未成年者らを適切に監護養育するための諸条件等が比較的早期に整う可能性も相当にあるとも考えられるから、親権停止は当面１年間とし、その後の反省や努力、環境調整の結果を踏まえて、親権停止の審判の取消し又は再度の親権停止の審判で対応することが相当である。","【積極】
・未成年者らの監護を申立人らに任せ、忠告にも耳を貸さない
・未成年者の心情に配慮する姿勢に乏しい
・従前の言動を反省せず、申立人への反発を背景に自ら監護養育すると主張
・生活基盤の安定に時間を要する
・監護補助の受入れが困難
・申立人らを囲い込み、周囲の関与を拒絶して状況を悪化させる恐れ
【消極】
・児相との面接を継続中"
2610,家裁,親権停止,2025-02-19,1,児童相談所長,,,,1,[母],,FALSE,1,[子],2023-09-09,1,乳児院,親権停止,一定期間,24,,,,,,,,,,,,,,,,,,,,,,,,,,TRUE,FALSE,FALSE,FALSE,FALSE,"【事案】未成年者は先天性心疾患があり、出生直後からNeglectを理由に一時保護がされ、母の同意で乳児院に入所。母は、未成年者の血縁上の父と思われる男性から暴力を受けたことで、知人宅を転々とし、児相との音信も途絶えていたところ、未成年者の手術のために申立てがされた。母は、裁判所の連絡を受け、児相に連絡を絶っていたことを謝罪するとともに、申立てを認め、手術をお願いする旨の答弁書を提出。
　戸籍上の父は受刑中で、父母は長期間面会しておらず、嫡出否認の訴えを経るまでもなく法律上の父子関係が存在しない可能性が高い。父は手術の同意書を提出するなど協力の姿勢を示しているが、母は離婚を希望。
【判断】母は精神的不安定、知的能力の低さから男性への依存傾向があり、それが環境や他人との関係の短期間での変化・破綻の要因となって、生活の著しい不安定にもつながっていることもうかがえ、その問題を克服し、生活環境や人間関係の安定を確立するためには相当に時間を要する。未成年者が治療を円滑かつ迅速に受けるためには、病状の変化に応じて治療行為の承諾を臨機応変に行う必要があり、これに備えて、手術中の病院内での待機も必要になるところ、当面、母にその任に当たらせることは困難又は不適当である。母が翻意して未成年者の監護養育を希望しても、現状では、安定的な生活環境等を提供できない。
　父が親権を行使する場合も、母との共同行使を要し、母が親権を共同行使することは上記の通り困難又は不適当である。また、父は受刑中でこれまでの経緯等にも照らせば、父が親権を事実上行使できない状況や親権の行使が不適当な状況等が生じる可能性もあり、施設長による親権代行等を直ちに開始する方が、未成年者の利益侵害を防止する上で適切である。","【積極】
・生活状況が不安定で、児相とも音信を絶っていた
・遠隔地に居住し、治療行為の承諾や手術中の待機など、病気の未成年者の状況に応じた臨機応変な親権行使ができない
・積極的に未成年者に関わろうとする姿勢を示さず
・生活環境や人間関係の安定には相当に時間を要する"
2620,家裁,親権停止,2023-12-25,1,児童相談所長,,,,2,[父],[母],FALSE,1,[子],2015-07-17,8,事件本人,却下,,,,,,,,,,,,,,,,,,,,,,,,,,,,FALSE,FALSE,TRUE,FALSE,FALSE,"【事案】未成年者は急性リンパ性白血病の診断を受けて入院後、R4.11から抗がん剤治療が開始されることになったが、R4.12の外来診療をキャンセルした。治療を短縮した場合は再発率が上昇し、再発した場合は１割程度命を落とす可能性がある骨髄移植を行う必要があるため、児相は治療の必要性等を説明して説得に努めたが、父母の治療継続を拒否する意思が固かったことから、R5.3.24に本件及び保全を申し立て、R5.5.11に保全処分がされた。保全処分後に一時保護がされたが、父母は治療継続に同意するに至り、未成年者は外泊扱いで自宅で生活しながら通院治療を継続している。
【判断】父母は、治療継続に同意し、その有効性や必要性についても理解を深め、通院治療の継続を条件に未成年者と生活することを許容されるに至ったことによれば、当初は治療の必要性や有効性等の理解が不十分であったところはあるが、少なくとも一時保護が解除されていない現状において治療を再度中断するとは考え難い。","【積極】
・未成年者の病気再発のリスクを高める対応
【消極】
・治療継続に同意するに至り、治療の必要性や有効性等に理解を深めた
・通院治療の継続を条件に、一時保護中だが、父母との生活が許容されるに至った"
2630,家裁,親権停止,2024-09-27,1,児童相談所長,,,,1,[母],,FALSE,1,[子],2017-12-20,6,その他施設,親権停止,一定期間,24,,,,,,,,,,,,,,,,,,,,,,,,,,FALSE,FALSE,TRUE,FALSE,FALSE,"【事案】母がインフルエンザにかかっている未成年者をプールに連れて行こうとしているなどと祖母から連絡があったことをきっかけに、R2に児童養護施設への入所措置がされ、その後、R4.10からの措置更新の審判がされた。未成年者は、R4.4以降、こども園で、理由なく他児への暴力を繰り返したり、女児や女性職員の陰部や体を触るなどの行動をしていたが、母は服薬や入院を拒否した。
　※　未成年者の調査を実施
【判断】未成年者はADHDやASDが疑われ、医学的な治療が必要な状態であり、服薬の効果が一定程度あるとしても、入院治療の可能性を排除することなく総合的に治療方針を検討し、服薬調整や入院等につき機動的に判断できる状態にする必要がある。それにもかかわらず、母は、服薬や入院より療育などの医療以外の方法をとりたいと述べて服薬を一旦中断させ、不適応行動の悪化により服薬の再開に同意したが、入院については医師の勧めによっても一貫して同意しておらず、適切な親権行使は期待できない。母は、適切に医療同意をしていると主張するが、処方薬の変更や入院等への対応、服薬の中断時の理由をみても、その判断は主観的な理由による硬直的なもので、未成年者の特性や状況を踏まえた合理的な判断とは認め難い。","【積極】
・未成年者は医学的な治療が必要な状態で、医療措置などにつき機動的な判断が必要
・医師の勧めにもかかわらず、服薬や入院を拒否"
2640,家裁,親権停止,2013-03-29,1,未成年者本人,,,,2,[母],[養父],FALSE,1,[子],,17,その他親戚,親権停止,一定期間,24,,,,,,,,,,,,,,,,,,,,,,,,,,FALSE,FALSE,TRUE,FALSE,FALSE,"【事案】母は、出産後に入院中の未成年者を置き去りにして失踪したため、未成年者は祖母の妹に育てられた。H23に未成年者は高校に入学して母の家に住んだが、母が勝手に退学届を提出したため、退学を余儀なくされた。未成年者は養父とは会話をしたこともほぼない。未成年者は二度原因不明の高熱を出して救急車で運ばれたが、母は医師の判断を無視して入院や検査を拒んだ。未成年者は今後も祖母の妹の家での生活を希望し、祖母の妹は後見人となって養育監護を継続する意向である。
【判断】父母は未成年者を養育監護しておらず、今後も必要な養育監護をする意思は認められない。また、未成年者には何らかの疾病の存在が疑われるが、正当な理由なく医療行為に同意しないため、詳しい検査や定期的な通院をすることが困難な状況にある。","【積極】
・監護養育をしておらず、今後も監護養育の意思なし
・正当な理由なく医療行為に同意せず"
2650,家裁,親権停止取消し,2015-09-30,1,[母],,,,,,,FALSE,1,[子],,,申立人,停止取消親権停止,,,,,,,,,,,,,,,,,,,,,,,,,,,,FALSE,FALSE,FALSE,FALSE,FALSE,"【事案】児相申立てによる親権停止の審判時、母は精神疾患があり、家事や育児を十分に担うことができない状態であり、児相から当時同居していた男性が二女に性的虐待をしたと聞いたのに、三女及び四女と同室で就寝させるなどして性的虐待を招致したこと、男性の暴言暴力を容認し、しつけとして合理化する考え方を有していることなどから、親権の行使が不適当とされた。
【判断】母は、別の男性と再婚し、現在は一定程度の家事をこなしていること、未成年者は施設及び学校に不適応を起こして母の自宅で生活しており、母及び再婚相手の男性に信頼を置いていること、児相も親権停止を解除して地域での支援につなげることが必要との判断を示していることから、親権停止の原因であった事実がなくなったと認める。","【消極】
・未成年者の意向
・従前の問題を解消し、生活状況が安定
・子供女性障碍者センターも親権停止を解除し、地域での支援につなげることが必要と判断。"
2660,家裁,親権停止,2016-03-31,1,児童相談所長,,,,1,[父],,FALSE,1,[子],,14,その他施設,親権停止,一定期間,24,,,,,,,,,,,,,,,,,,,,,,,,,,FALSE,TRUE,FALSE,FALSE,FALSE,"【事案】未成年者が母による身体的虐待が発覚して乳児院に入所措置が取られた後、父母は親権者を父として離婚したが、父も再婚して新たな家庭を設け、未成年者との交流はほとんどない。未成年者は、軽度精神発達遅滞、広汎性発達障害の診断を受け、特別支援学校に進学すべき状況にあったが、父は、普通に育ててもらうために施設に入れたなどと述べ、療育手帳の取得や特別支援学校への進学を拒否する意向を示し、審問には出席しなかった。高校入学の手続のため、保全処分が既にされている。
【判断】未成年者は、その生活状況や知的能力等に照らし、福祉的支援を継続的に受ける必要があり、療育手帳を取得し、特別支援学校へ進学することが不可欠であったが、父が特性等を十分に理解せず、手続に協力しないため、療育手帳の取得等の機会を奪われる可能性があった。","【積極】
・生活状況や知的能力等に照らし、福祉的支援や特別支援学校への進学が不可欠
・父が特性を理解せず、手続に協力しないため、特別支援学校への入学等の機会が奪われる可能性があった"
2671,家裁,親権停止,2019-02-28,1,児童相談所長,,,,2,[母],[養父],FALSE,1,[子],2008-01-01,11,一時保護,却下,,,,,,,,,,,,,,,,,,,,,,,,,,,,TRUE,FALSE,FALSE,FALSE,FALSE,"【事案】未成年者は、母が養育困難を訴えたことで生後８か月で乳児院に入所し、H27.8及びH28.8に母宅に外泊したが、いずれも何度も怒られ、暴力を振るわれた旨述べた。未成年者は、H29.8に母宅に外泊し、そのまま入所措置が解除されたが、H29.12に父母の叱責をおそれて帰宅できず学校で隠れているところを発見され、一時保護された。未成年者は、一時保護当初、父母が追いかけてくる旨不安を訴えたり、そのような夢を見て夜中に起きたりすることもあった。心理診断では、未成年者の暴力や感情の不安定さ、退行等の要配慮行動は、根強く残っている不安と虐待による外傷体験により引き起こされているとされた。
【判断】父母が未成年者に相当な頻度で暴力をふるい、食事を抜き、未成年者が強い恐怖心を抱いていたことが認められ、一時保護以前は、親権の行使は不適当であった。ただし、親権の停止には現時点でも要件を満たすことが必要であり、父母は未成年者が施設で生活することを事実上容認し、引渡しを執拗に要求したり、居場所を探索するなどの一時保護を妨害する姿勢は示しておらず、医療行為の同意等の親権者として行うべき行為を理由なく怠り、未成年者の利益を害している事情もない。父母は児相に協力的ではなく親子再統合は容易ではないが、親権を停止しても再統合が容易になるとも思えず、子に不利益が生じるともいえない。安心の基礎を作るために親権停止が相当との主張は一定の理解はできるが、親権停止がされなくとも直ちに未成年者が父母のもとに戻されるものではなく、児福法による法的な対応は可能であり、これだけをもって親権を停止すべきほど子の利益が害されているとは考え難い。今後、父母が一時保護や施設による監護を妨害する姿勢を示したり、未成年者のために必要な手続きを正当な理由なく怠ったりした場合に、保全処分を用いるなどして速やかに親権停止をすべきである。","【積極】
・児相に非協力的で、親子再統合は容易ではない
・未成年者は強い恐怖心を持ち、親権停止を望んでいる
【消極】
・父母は未成年者が施設で生活することを事実上容認し、一時保護を妨害する姿勢は示していない
・親権を停止しても、親子再統合が容易になったり、停止しなかったことで未成年者に不利益が生じるとは思えない
・親権停止が認められなくとも、児福法による対応は可能で、客観的に子の利益を害する事情も顕在化していない"
2672,高裁,親権停止,2019-06-28,1,児童相談所長・未成年者,,,,2,[母],[養父],FALSE,1,[子],2008-01-01,11,一時保護,親権停止,一定期間,24,,,,,,,,,,,,,,,,,,,,,,,,,,TRUE,FALSE,FALSE,FALSE,FALSE,【判断】父母はH27.8頃からH29.12頃まで未成年者に対して殴る、食事を抜くなどの行為を繰り返しており、重大な虐待行為に当たる。母は生後８か月で未成年者の養育が困難として乳児院に委ね、入所措置の解除後４か月で一時保護の措置が取られていることから養育実績はほとんどないし、養父と虐待行為に及んだことも考慮すると、今後適切に養育できると期待できない。未成年者は父母に強い恐怖心を抱いており、今後の健全な成長のためには父母の影響が心理的にも及ばないと明確に自覚し得るような環境が必須である。また、これらによれば、親子再統合を果たす可能性は極めて小さい。,"【積極】
・父母による暴力等の虐待行為
・養育実績がほとんどなく、今後も適切な養育が期待できない
・未成年者の父母に対する強い恐怖心、意向
・未成年者の健全な成長には、父母の影響が心理的に及ばないと感じられる環境が必須との心理診断
・再統合の可能性が極めて小さいこと"
2680,家裁,親権停止,2024-09-13,1,児童相談所長,,,,1,[母],,FALSE,1,[子],2013-07-16,11,その他親戚,親権停止,一定期間,24,,,,,,,,,,,,,,,,,,,,,,,,,,TRUE,TRUE,FALSE,FALSE,FALSE,"【事案】母から殴る、蹴るなどの暴行があった旨の通告を受け、児相は未成年者を祖母宅に移すことを勧め、母はこれを了承した。その後、母は祖母宅から未成年者を連れ帰ろうとし、１度目は逃げようとする未成年者を捕まえて車に乗せ、２度目は母を止めようとする祖母に暴行を加えたために逮捕された。
【判断】母は未成年者に短期間に複数回にわたり暴力を加え、今後も暴力を加える恐れがある上、未成年者の意思を考慮することなく、強引に連れ去り行為に及んだ。また、未成年者は事前連絡なく小学校に遅刻する日が多く、視力も矯正を要する状況であったが、眼鏡を所持せず、虫歯の治療も受けていないなど監護養育が適切であったとはいいがたい。未成年者は暴力等により母への怒りやおそれを抱き、祖母と同居したい意向を示しているところ、上記を踏まえれば、その意向は尊重すべきである。","【積極】
・短期間に複数回にわたる暴力
・未成年者の意思を考慮しない連れ去り行為
・無連絡での遅刻の多さ、季節に合わない服装や食事の不十分さ等の監護養育の不適切
・未成年者の意向"
2690,家裁,親権停止,2020-06-17,1,未成年者本人,,,,1,[父],,FALSE,1,[子],2002-08-10,17,その他親戚,親権停止,一定期間,24,,,,,,,,,,,,,,,,,,,,,,,,,,FALSE,FALSE,FALSE,FALSE,FALSE,"【事案】
事件本人は、アルコール依存症の治療のため入院を繰り返しており、令和２年３月には父方祖母への暴行により警察に通報され、約２週間身柄拘束された。申立人は事件本人を恐れており、現在は事件本人の前妻（申立人の幼少期から継続して交流があり、母娘のような関係）とその長女及び再婚相手の計４人で生活している。事件本人は審問において申立人に対する愛情を訴え、申立人が前妻と生活することに異論はなく、申立人に対する親権停止にも反対していなかった。
【判断】
民法834条の2第1項の要件を満たす。","【積極】
・事件本人は無職、アルコール依存症で入退院を繰り返す
・事件本人は、酒に酔って父方祖母に暴行し、未成年者が目撃
・未成年者は、酒を飲んで問題を起こしたり怒鳴りつけたりしてきた事件本人を恐れている
・事件本人自身が親権停止に反対せず

【消極】
・未成年者は、事件本人の前妻の家庭で安定した生活
・事件本人は、暴行事件で身柄拘束・釈放後、任意入院
・事件本人は、審問において、未成年者に対する愛情を訴える"
2700,家裁,親権停止,2020-10-15,1,,,,,1,[父],,FALSE,1,[子],2002-09-22,18,児童福祉施設,親権停止,成人するまで,,,,,,,,,,,,,,,,,,,,,,,,,,,FALSE,FALSE,FALSE,FALSE,FALSE,"【事案】
事件本人は、未成年者（二男）との同居中、公共料金の滞納による電気停止、食事の不十分な時期、長男の定期券の換金、町内会費の借用、県営住宅家賃の滞納などの金銭トラブルを繰り返し、未成年者が施設に入所した後も、金銭の借用を繰り返し、現在も収入がない。
【判断】
事件本人の親権行使が不適当であり、親権の行使が継続された場合、契約行為や就業など社会生活の安寧福祉を害する蓋然性が高い。未成年者は既に18歳に達しており、18歳が成人となる改正民法が施行される令和4年4月1日まで親権を停止することが相当。","【積極】
・ネグレクト
・経済的困窮、財産の流用、金銭トラブル
・未成年者の施設入所以後も金銭借用申入れ

【消極】
・公共料金の支払懈怠は、長期間ではない
・未成年者が審判時に18歳"
2710,家裁,親権停止,2022-11-24,1,児童相談所長,,,,1,[母],,FALSE,1,[子],2008-02-10,14,児童養護施設,親権停止,一定期間,24,,,,,,,,,,,,,,,,,,,,,,,,,,FALSE,FALSE,TRUE,FALSE,FALSE,"【事案】
未成年者は、3歳時に児童養護施設に入所したが、粗暴行為のため児童心理治療施設に入所し、双極性障害と診断され、医療機関で継続的な治療を受けている。事件本人は、未成年者が6歳時から同人との面会がなくなり、児相の職員が接触を試みたが、連絡が取れない状態が続いており、未成年者が必要な治療（電気けいれん療法など）を受けるための同意が得られない事態が生じた。
調査官調査の際、未成年者は親権停止の意味を理解し、特に意見はないと述べた。
※調査官調査を実施。
【判断】
現状では緊急の治療は不要であるものの、今後未成年者の状態によっては親権者の同意が必要な治療が発生する可能性があり、その際に同意が得られないことで子の福祉が害されるおそれがあり、親権者による親権の行使が不適当であると認められる。","【積極】
・未成年者と面会しなくなり児相から連絡も取れず。
・未成年者は双極性障害で継続的な治療必要

【消極】
・審判時において緊急で行うべき治療はない "
2720,家裁,親権停止,2021-10-25,1,[母方祖母],,,,2,[母],[養父],FALSE,1,[子],2007-04-26,14,児童福祉施設,却下,,,,,,,,,,,,,,,,,,,,,,,,,,,,TRUE,FALSE,FALSE,FALSE,FALSE,"【判断】
親権者らが，未成年者の知的障害その他の特性を十分に理解せず，更に養父において体罰を伴う指導をしていたことは，親権の行使として不適切であったが、母は未成年者の育児に携わり、養父は同居し育児に参加しており、体罰の程度は深刻ではなく、未成年者の心身に重大な影響を与えていない。また，未成年者は施設入所しており、長期的な保護が必要であるため，親権停止事由があるとまでは認められない。
※調査官調査を実施。","【積極】
・事件本人ら未成年者の特性理解不十分
・体罰

【消極】
・体罰の程度は深刻でなく心身への重大な影響なし
・未成年者は施設入所
・申立人の主張する性的虐待やネグレクトは認定されず"
2731,家裁,親権停止,2020-07-01,1,児童相談所長,,,,1,[母],,FALSE,1,[子],2011-01-09,9,その他施設,親権停止,一定期間,24,,,,,,,,,,,,,,,,,,,,,,,,,,FALSE,TRUE,FALSE,FALSE,FALSE,"【事案】
未成年者は、生後3か月頃、急性脳症を発症し、重度の後遺症が残った。事件本人は未成年者の養育を拒否して児相との連絡を絶っており、これまでにも3回、２年間の親権停止を受けている。
【判断】
事件本人による親権の行使が困難ないし不適当であることにより未成年者の利益を害することが明らか。","【積極】
・未成年者は、急性脳症により全介助を要する状態で、緊急の医療措置への対応必要
・事件本人は、発症後、「仕事を理由」に未成年者の養育拒否。その後所在不明
・平成26年、平成28年、平成30年にも親権停止の審判を受けており今回で4回目

【消極】
・（親権停止の結果として）既に未成年後見人が選任
・未成年者は社会福祉法人が運営する療育センターに入所
・児相は祖父母とは連絡が取れて、面会交流も実施"
2732,家裁,親権停止,2022-06-23,1,児童相談所長,,,,1,[母],,FALSE,1,[子],2011-01-09,11,その他施設,親権停止,一定期間,24,,,,,,,,,,,,,,,,,,,,,,,,,,FALSE,TRUE,FALSE,FALSE,FALSE,"【事案】
73-2と未成年者及び親権者は同じ。これまでにも4回、2年間の親権停止を受けている。
【判断】
事件本人による親権の行使が困難ないし不適当であることにより未成年者の利益を害することが明らか。","【積極】
・未成年者は、急性脳症により全介助を要する状態で、緊急の医療措置への対応必要
・事件本人は、発症後、「仕事を理由」に未成年者の養育拒否。その後所在不明
・平成26年、平成28年、平成30年にも親権停止の審判を受けており今回で4回目

【消極】
・（親権停止の結果として）既に未成年後見人が選任
・未成年者は社会福祉法人が運営する療育センターに入所
・児相は祖父母とは連絡が取れて、面会交流も実施"
2740,家裁,親権停止,2025-08-04,1,児童相談所長,,,,1,[母],,FALSE,1,[子],2018-11-14,5,一時保護,親権停止,一定期間,24,,,,,,,,,,,,,,,,,,,,,,,,,,TRUE,FALSE,FALSE,TRUE,FALSE,"【事案】
母は情緒不安定性パーソナリティ障害等の診断を受け、未成年者は軽度の発達の遅れ。R3頃から母による暴力、暴言等に関して多数の通告がされ、幼稚園の登園日数も少ない状況が続いていた。自宅は犬の多頭飼の臭気等で退去を求められていた。未成年者が叔母に対し、母が包丁を突き付けてくる、窓から飛び降りろと言う等打ち明け、母宅に戻ることを嫌がったことを受け、叔母が児相に相談して一時保護委託を受けた。母は、児相の家庭訪問や指導を拒否し、未成年者への対応や生活に改善すべき点はなく、認容された場合は叔母を殺しに行く旨述べた。未成年者は調査官に叔母と暮らしたい旨述べた。
【判断】
①包丁を突き付けたり、腹部を殴打する行為は、正当な躾の限度を超え、健全な成長にとって害悪である、②母の友人が未成年者に万引きを勧めるなど、犯罪に巻き込む危険性のある環境に未成年者を置いたことは監護義務の重大な懈怠である、③母が万引きを未成年者の面前でしたり、未成年者にさせたりしたことは健全な道徳観の形成を著しく阻害する、④粗暴な行為を見聞きさせたり、自殺をほのめかしたことは恐怖心等を与えて精神的な発達に悪影響を与えた、⑤登園が少ないことに適切な対応をしたことはうかがわれず、軽度の発達の遅れは不適切な養育環境が影響している可能性が否定できない、⑥安定した住環境や適切な生活環境を提供できていなかったところ、親権の行使は明らかに不適当で、未成年者の利益を著しく害している。母が精神的に不安定な状態等にあり、養育態度を顧みる姿勢がなく、児相の指導を拒否する姿勢等からすると、近い将来における養育態度の改善等の可能性も乏しい。","【積極】
・児相の指導に従う姿勢なし
・生活・精神不安定
・未成年者の意向"
2750,家裁,親権停止,2025-01-20,1,[祖母],,,,,[母],,FALSE,1,[子],2021-10-06,3,一時保護,却下,,,,,,,,,,,,,,,,,,,,,,,,,,,,TRUE,FALSE,FALSE,TRUE,FALSE,"【事案】
母は、交際相手の家や実家、知人宅等へ転居を重ねながら、叔母等に育児を手伝ってもらっていたが、祖母や叔母が児相などに、母がミルクをあげない、家に１か月戻っていない等として、叔母が未成年者を養育したいと相談し、母も、親族会議で母の居所が定まって養育環境を整えるまで叔母が養育することとなったと役所に述べたことがあった。R5.9に虐待通告があり、母は大声で叱ることや尻を叩くことがある旨述べたが、保育所が未成年者に母への拒否感はなく、順調に愛着形成も進んでおり、日常的な虐待があるとは考えられない旨回答したこと等を踏まえ、軽度の虐待認定がされた。母は、知人宅を出る際に車中泊等を余儀なくされたとして叔母に未成年者を預けたが、その後、叔母や祖母と、母の未成年者との交流や引取りなどを巡って対立し、口論の場に臨場した警察が児相に通告して一時保護が開始された。母は、祖父及び祖父の妻の支援を今後受ける旨述べ、祖父らも支援する意向を示した。
【判断】
これまで居住環境が不安定だったことや養育支援をしていた叔母との関係悪化等に照らすと、指導等がないまま母が未成年者を養育することは不安が残るが、一時保護以降の委託先での養育状況に問題はなく、母は、将来的に引き取って安定的に養育するための児相等の指導や助言を受け入れて居住や就労等の環境を整えつつあること等に鑑みれば、今後も指導等に応じながら必要な生活環境等の調整を続けていくことが期待できる。役所が虐待認定をした際の程度は軽微とされ、その後同様の虐待を繰り返したことは認められず、申立人の主張する虐待を認めるに足りる証拠はない。少なくとも児相が関与し、母子の再統合が試みられている現在においては、今後も児相による指導等を継続し、将来的に母が未成年者を引き取り安定的に養育できるように生活環境を調整していくことが相当であり、母による親権の行使が困難又は不適当であることにより子の利益を害するとは認められない。","【積極】
・居住環境が不安定
・養育支援をしていた叔母との関係悪化
【消極】
・委託先での養育状況に問題なし
・将来的な引取りに向け児相等の指導、助言に応じている
・児相は
・虐待認定された際にも程度は軽微とされ、虐待が繰り返されていることも認められず"
2760,家裁,親権停止,2025-11-28,1,[叔母],,,,1,[母],,FALSE,1,[子],2014-07-27,11,申立人,親権停止,一定期間,24,,,,,,,,,,,,,,,,,,,,,,,,,,TRUE,FALSE,FALSE,FALSE,FALSE,"【事案】
未成年者が利害関係参加し、手続代理人弁護士あり。申立の趣旨は喪失→停止に変更。母、叔母及び未成年者は、R2頃から同居し、母の交際相手もR4.11頃から同居した。母は、未成年者の面前で睡眠薬の過剰摂取で自殺を図り医療保護入院したため、入院中は叔母が未成年者を監護したが、未成年者は母の不在を寂しがっていた。祖母は、母に交際相手と会わないように求め、母はそれに同意したが、退院後、交際相手に会いに行ったことを受け、叔母は母宅にいた未成年者を連れて転居し、その後監護を続けている。母は、祖母に未成年者の引渡しを求め、交際相手と共にサッカーの練習場にいる未成年者を連れ帰ろうとしたり、転校届を提出したりした。交際相手は、登校中の未成年者の腕を引っ張って連れ帰ろうとしたため、警察に通報されて逮捕された。未成年者は、心的外傷に関する症状がある旨の診断を受け、調査官面接及び審判期日で、母と二度と会いたくなく、叔母と暮らしたい旨述べた。
【判断】
母は、少なくとも一、二度、未成年者が母の財布から金銭を取ったときに頭を平手で叩いた。母は未成年者の前で自殺を図って入院し、退院まで未成年者を監護できない状態となった。母は、未成年者から帰らないという気持ちを聞いたのに、未成年者を連れ帰ろうとした上、交際相手の行動を制止しなかった結果、交際相手が未成年者を無理に母の下に連れ帰ろうとして未成年者を泣かせる事態に至った。未成年者は、これらの出来事により恐怖心や不安感を抱いたものと推察され、母に対する強い拒否的な感情を示している。これらの事情からすると、母子の同居期間中の関係は必ずしも悪くなかったことがうかがわれ、未成年者が母と叔母及び祖母との間の紛争の影響を受けて上記のような意向を示したという可能性を否定できないことを考慮しても、親権者による親権の行使が不適当であることにより未成年者の利益を害するものと認められる。","【積極】
・母への強い拒否的感情
・自殺企図により監護できない状態になったこと
・未成年者に恐怖心等を抱かせる言動
【消極】
・同居中の関係は悪くなかったこと
・未成年者の意向が母と親族間の紛争の影響を受けている可能性を否定できないこと"
2770,家裁,親権停止,2025-05-09,1,[祖母],,,,1,[母],,FALSE,1,[子],2023-12-24,1,乳児院,親権停止,一定期間,24,,,,,,,,,,,,,,,,,,,,,,,,,,FALSE,TRUE,FALSE,FALSE,FALSE,"【事案】
母は、出産直後に未成年者を乳児院に預け、その後こども相談センターと一回面接した後は音信不通の状態が続いている。祖母も、母とラインで連絡はできるが、母に未成年者を放置していることへの反省や現状を改善しようとする意思はうかがえず、通話呼出には応じない。母は、公示送達で呼出を受けたが、審問に出頭せず。
【判断】
母は、関係機関と連絡がつかず、未成年者とも面会をしていない上、所在も明らかではないから、監護する意欲を失っており、今後の監護養育を期待することは難しい。","【積極】
・音信不通
・未成年者と面会せず"
2780,家裁,親権停止,2024-11-07,1,[父],,,,2,[母],[養父],FALSE,1,[子],2018-06-03,6,事件本人,親権停止,一定期間,24,,,,,,,,,,,,,,,,,,,,,,,,,,TRUE,FALSE,FALSE,FALSE,FALSE,"【事案】
父は、養父につき親権喪失、母につき親権停止を求めた。父母はR3.11に未成年者の親権者を母として協議離婚した後、父は母が再婚して転居予定と知り、R3.12に親権者変更の調停を申し立てた。母及び養父は、R4.3に未成年者と同居したが、R4.4に婚姻後、父に未成年者を預けた。父はR4.9に母の職務の執行を停止する保全処分を申し立てたところ、母及び養父は、親権者の変更を防ぎ父から引渡しを早期に受けることを目的として養子縁組をし、父はR4.10末に母に未成年者を引き渡し、親権者変更及び保全処分を取り下げた。父は面会交流を継続している。母及び養父は、R4.11～R5.9まで複数回にわたり、体罰として頭部を平手で殴打する、腹部やふくらはぎを強くつかむなどの暴行を加え、親指大の痣が残った。
【判断】
母及び養父は暴行を否定するが、未成年者が、幼稚園の担任教諭や父に対して暴行について繰り返し述べ、調査官調査で、母宅では困っていることはない旨述べたが、父宅や裁判所では、母及び養父から叩かれたことや、母から叩かれたと述べてはならない旨言われたこと、父のところに行きたいことなどを述べたこと等から、取り込み行動の影響がある可能性も留意すべきであるが、母宅と父宅で異なる供述をした結果を踏まえて、双方の影響を排除するために裁判所を利用して行われた第二次調査の結果や口止めを示唆する発言を示唆したことなどは、暴行があったことを前提としなければ合理的な説明は困難な事情であるから、未成年者の供述は信用し得る。また、痣の存在は供述を裏付けるものであり、養父が暴行を容認する趣旨の発言をしたことも、暴行があったことを前提としなければ説明が困難であるから、暴行があったと認める。
母及び養父は、上記のような暴行を加えたのであるから、親権の行使が不適当であることにより、未成年者の利益を害したものと認められる。他方、父は、養父の親権を喪失させることを求めるが、暴行につき個別具体的に主体、行為及び結果を認定できず、その経緯や程度、頻度に不明な部分が残るし、痣の程度等に照らしても、苛烈なものとまでは認め難く、養父が漁のため長期間不在になることや、未成年者の供述内容等に鑑みても、暴行を加えたのは主として母と認める。したがって、養父による虐待があった、又は親権の行使が著しく不適当であったとは認められない。以上によれば、親権をいずれも２年間停止する限度で理由がある。","【積極】
・暴行が継続的
・母及び養父が暴行を否定
【消極】
・暴行の経緯、程度及び頻度が不明であり、苛烈なものであったとまではいえない
・（養父について）暴行を加えたのは主として母である"
